1L.A	5739675.239	6598736.521	199.976
1L.C	5739675.235	6598736.39	195.381
1P.A	5739692.55	6598737.483	200.16
1P.C	5739692.547	6598737.429	195.974
2L.A	5739675.182	6598715.192	199.223
2L.B	5739675.516	6598715.112	197.754
2L.C	5739675.148	6598715.129	194.999
2L.E	5739675.114	6598715.085	191.403
2P.A	5739693.076	6598715.519	200.13
2P.C	5739693.089	6598715.461	195.689
2P.E	5739693.107	6598715.43	191.581
3L.A	5739674.153	6598685.665	197.877
3L.C	5739674.122	6598685.646	194.704
3L.E	5739674.09	6598685.632	191.261
3L_D_A	0	0	197.878
3L_D_C	0	0	194.705
3L_D_E	0	0	191.261
3P.A	5739692.707	6598685.503	200.104
3P.C	5739692.763	6598685.455	195.697
3P.E	5739692.817	6598685.497	192.059
3P_D_A	0	0	200.102
3P_D_C	0	0	195.695
3P_D_E	0	0	192.055
4L.A	5739671.029	6598652.167	197.935
4L.D	5739671.339	6598652.143	192.789
4L.E	5739670.964	6598652.195	191.722
4L_D_A	0	0	197.94
4L_D_D	0	0	192.786
4L_D_E	0	0	191.728
4P.A	5739690.978	6598651.417	198.911
4P.B	5739690.495	6598651.498	197.398
4P.C	5739690.996	6598651.428	195.606
4P.D	5739690.681	6598651.481	193.742
4P.E	5739691.021	6598651.47	191.756
4P_D_A	0	0	198.914
4P_D_C	0	0	195.611
4P_D_D	0	0	193.744
4P_D_E	0	0	191.758
5L.A	5739666.005	6598618.234	197.93
5L.B	5739666.455	6598618.381	196.386
5L.E	5739665.97	6598618.19	191.283
5L_D_A	0	0	197.938
5L_D_B	0	0	196.394
5P.A	5739687.145	6598615.553	198.702
5P.B	5739686.725	6598615.586	197.42
5P.D	5739686.707	6598615.624	193.457
5P.E	5739687.158	6598615.386	191.975
5P_D_A	0	0	198.709
5P_D_B	0	0	197.426
5P_D_D	0	0	193.464
CI0010_01	5739221.911	6597977.947	195.5179
CI0010_01B	5739221.911	6597977.947	197.27
CI0010_02	5739226.357	6597978.081	195.4759
CI0010_02B	5739226.357	6597978.081	197.413
CI0010_03	5739221.991	6597966.806	195.5162
CI0010_03B	5739226.989	6597966.403	197.68
CI0010_04	5739226.732	6597967.017	195.5066
CI0010_04B	5739221.979	6597966.62	197.437
CI0011_01	5739203.679	6597964.567	195.5527
CI0011_01B	5739203.467	6597964.997	198.256
CI0011_01T	5739203.47	6597964.994	200.789
CI0011_02	5739203.82	6597959.58	195.5133
CI0011_02B	5739203.687	6597959.362	198.199
CI0011_02T	5739203.693	6597959.333	201.734
CI0011_03	5739218.674	6597959.692	195.5356
CI0011_03B	5739218.125	6597959.479	198.214
CI0011_03T	5739218.914	6597959.851	201.752
CI0011_04	5739218.251	6597965.843	195.5552
CI0011_04B	5739218.251	6597965.843	198.449
CI0011_04T	5739218.229	6597965.831	200.93
CI0012_01	5739226.347	6597959.925	195.2897
CI0012_01B	5739219.029	6597959.497	199.158
CI0012_02	5739219.218	6597959.704	195.281
CI0012_02B	5739226.928	6597959.738	199.642
CI0012_03B	5739227.225	6597959.568	197.433
CI0030_01	5739204.043	6597951.82	194.4925
CI0030_01B	5739203.954	6597952.098	198.262
CI0030_01T	5739203.995	6597952.065	201.518
CI0030_02	5739204.427	6597940.337	195.4256
CI0030_02B	5739204.424	6597939.705	198.287
CI0030_02T	5739204.444	6597939.687	201.443
CI0030_03	5739213.822	6597940.497	194.415
CI0030_03B	5739214.147	6597940.331	198.242
CI0030_03T	5739214.175	6597940.275	201.629
CI0030_04	5739213.369	6597952.339	194.5862
CI0030_04B	5739213.666	6597952.534	198.491
CI0030_04T	5739213.708	6597952.456	201.66
CI0040_01	5739186.853	6597955.2	195.782
CI0040_01B	5739186.853	6597955.2	198.428
CI0040_01T	5739186.881	6597953.982	200.901
CI0040_02	5739187.253	6597937.021	195.4569
CI0040_02B	5739187.253	6597937.021	198.338
CI0040_02T	5739187.224	6597938.229	200.841
CI0040_03	5739175.853	6597936.343	195.4689
CI0040_03B	5739175.853	6597936.343	198.107
CI0040_03T	5739175.822	6597936.334	200.519
CI0040_04	5739175.366	6597955.147	195.6879
CI0040_04B	5739175.381	6597955.147	197.696
CI0040_04T	5739175.366	6597955.147	199.221
CI0070_01	5739205.143	6597915.405	195.2459
CI0070_01B	5739205.141	6597915.16	197.973
CI0070_01M	5739205.144	6597915.314	200.65
CI0070_01T	5739205.142	6597915.318	202.103
CI0070_02	5739205.813	6597894.989	194.8988
CI0070_02B	5739205.769	6597894.909	197.773
CI0070_02M	5739205.747	6597894.685	200.463
CI0070_02T	5739205.744	6597894.654	201.904
CI0070_03	5739211.885	6597895.022	195.1195
CI0070_03B	5739211.94	6597894.957	197.296
CI0070_03M	5739211.758	6597894.504	201.094
CI0070_03T	5739211.723	6597894.499	202.957
CI0070_04	5739210.68	6597909.094	194.9885
CI0070_04B	5739211.555	6597908.306	197.808
CI0070_04M	5739211.562	6597908.407	199.283
CI0070_04T	5739211.55	6597908.387	201.629
CI0070_05	5739210.945	6597915.974	194.9267
CI0070_05B	5739209.072	6597915.912	197.237
CI0070_05M	5739209.108	6597915.914	199.243
CI0070_05T	5739209.107	6597915.919	202.401
CI0071_01	5739220.891	6597916.272	194.677
CI0071_01B	5739218.608	6597916.156	197.448
CI0071_01M	5739219.538	6597916.167	199.235
CI0071_01T	5739219.448	6597916.144	202.368
CI0071_02	5739227.353	6597916.473	194.7279
CI0071_02B	5739227.131	6597916.389	197.796
CI0071_02M	5739227.106	6597916.389	199.491
CI0071_02T	5739227.117	6597916.394	202.316
CI0071_03	5739227.829	6597911.341	195.0297
CI0071_03B	5739227.683	6597911.236	197.734
CI0071_03M	5739227.693	6597911.225	199.357
CI0071_03T	5739227.748	6597911.257	201.395
CI0071_04	5739218.175	6597909.115	194.9185
CI0071_04B	5739218.28	6597908.953	196.653
CI0071_04M	5739218.261	6597908.967	198.999
CI0071_04T	5739218.47	6597908.989	200.989
CI0080_01	5739188.018	6597914.928	195.2007
CI0080_01B	5739188.018	6597914.928	198.047
CI0080_01T	5739188.002	6597915.074	200.5
CI0080_02	5739188.311	6597905.631	195.1735
CI0080_02B	5739188.311	6597905.631	197.92
CI0080_02T	5739188.294	6597905.653	200.448
CI0080_03	5739176.834	6597908.223	195.2818
CI0080_03B	5739176.834	6597908.223	198.361
CI0080_03T	5739176.915	6597908.23	200.873
CI0080_04	5739176.712	6597915.05	195.289
CI0080_04B	5739176.712	6597915.05	198.019
CI0080_04T	5739176.573	6597915.032	199.619
CI0082_01	5739173.259	6597908.216	195.2078
CI0082_01B	5739173.259	6597908.216	196.884
CI0082_02	5739173.165	6597914.884	195.1834
CI0082_02B	5739173.165	6597914.884	196.993
CM0010_01B	5738902.542	6599594.8	210.23
CM0010_01M1	5738902.665	6599594.764	214.266
CM0010_01M2	5738902.679	6599594.731	218.097
CM0010_01R	5738902.49	6599594.76	206.9185
CM0010_01T	5738902.72	6599594.696	221.124
CM0010_02B	5738890.984	6599592.947	210.432
CM0010_02M1	5738890.932	6599593.029	214.22
CM0010_02M2	5738890.921	6599593.146	217.88
CM0010_02R	5738890.97	6599592.72	206.0672
CM0010_02T	5738890.933	6599593.159	221.136
CM0010_03B	5738892.302	6599605.012	211.161
CM0010_03M1	5738892.325	6599605.099	214.939
CM0010_03M2	5738892.332	6599605.137	218.425
CM0010_03R	5738891.91	6599604.77	206.4347
CM0010_03T	5738892.348	6599605.21	221.967
CM0010_04B	5738894.749	6599609.296	210.813
CM0010_04M1	5738894.741	6599609.338	214.079
CM0010_04M2	5738894.734	6599609.363	217.119
CM0010_04R	5738894.7	6599608.91	206.3264
CM0010_04T	5738894.727	6599609.371	220.452
CM0010_05B	5738892.389	6599610.783	210.952
CM0010_05M1	5738892.41	6599610.83	214.042
CM0010_05M2	5738892.416	6599610.872	217.189
CM0010_05R	5738892.16	6599610.68	206.331
CM0010_05T	5738892.416	6599610.888	220.508
CM0010_06B	5738912.419	6599595.257	209.97
CM0010_06M1	5738912.415	6599595.217	214.1
CM0010_06M2	5738912.405	6599595.179	218.076
CM0010_06R	5738912.26	6599595.26	205.8553
CM0010_06T	5738912.424	6599595.136	220.845
CM0030_01B	5738877.058	6599585.305	209.701
CM0030_01M1	5738877.042	6599585.317	213.312
CM0030_01M2	5738877.039	6599585.279	216.903
CM0030_01R	5738877.06	6599585.18	206.1083
CM0030_01T	5738877.025	6599585.297	220.505
CM0030_02B	5738895.492	6599580.859	209.535
CM0030_02M1	5738895.712	6599580.895	214.036
CM0030_02M2	5738895.766	6599580.921	218.311
CM0030_02R	5738894.43	6599581.69	206.3845
CM0030_02T	5738895.737	6599580.94	221.639
CM0030_03B	5738903.838	6599580.825	209.388
CM0030_03M1	5738903.755	6599580.809	214.272
CM0030_03M2	5738903.771	6599580.798	217.973
CM0030_03R	5738903.11	6599581.94	206.5138
CM0030_03T	5738903.774	6599580.791	221.639
CM0030_04B	5738917.162	6599581.881	209.51
CM0030_04M1	5738917.325	6599581.883	214.195
CM0030_04M2	5738917.346	6599581.886	218.01
CM0030_04R	5738916	6599582.33	206.5104
CM0030_04T	5738914.717	6599581.713	221.404
DL0550_01R	5739122.58	6597836.97	195.481
DL0550_02R	5739105.07	6597845.57	195.4579
DL0550_03R	5739089.73	6597853.04	195.4873
DL0550_04R	5739071.72	6597861.66	195.5272
DL0550_05R	5739056.72	6597869.23	195.4759
DL0550_06R	5739048.79	6597846.28	198.5959
DL0550_07R	5739060.36	6597834.35	198.2099
DL0550_08R	5739076.99	6597827.93	198.0433
DL0550_09R	5739093.26	6597826.18	197.8064
DL0550_10R	5739113.06	6597817.32	197.5945
DR1020_01R	5739451.43	6599224.58	199.3053
DR1020_01T	5739451.552	6599224.432	202.757
DR1020_02R	5739451.96	6599233.33	200.1031
DR1020_02T	5739452.326	6599233.325	203.821
DR1020_03R	5739452.28	6599228.58	199.4754
DR1020_04R	5739446.8	6599229.34	199.94
DR1021_01R	5739445.42	6599225	199.29
DR1021_01T	5739445.801	6599224.941	204.334
DR1021_02R	5739446.18	6599233.81	199.7865
DR1021_02T	5739446.536	6599233.809	205.547
DR1021_03R	5739438.78	6599234.29	199.5261
DR1021_04R	5739442.72	6599234.11	199.2952
DR1021_04T	5739434.033	6599233.454	205.266
DR1021_05R	5739440.5	6599234.26	199.2969
DR1021_06R	5739437.3	6599233.23	199.2868
DR1021_07R	5739434.03	6599233.47	199.1611
DR1021_08R	5739433.53	6599226.11	198.9772
DR1021_09R	5739437.25	6599225.8	199.0211
DR1021_10R	5739439.41	6599225.62	199.0557
DR1021_11R	5739441.97	6599225.41	199.1224
DR1021_12R	5739442.14	6599229.59	199.4019
DR1021_13R	5739439.6	6599229.39	200.4612
DR1021_14R	5739437.76	6599230.07	200.0796
DR1021_15R	5739434	6599229.92	200.1442
DR1022_01R	5739468.27	6599200.63	199.8597
DR1022_01T	5739468.514	6599200.801	202.686
DR1022_02R	5739466.94	6599207.6	199.9444
DR1022_02T	5739467.061	6599206.516	202.716
DR1022_03B	5739457.885	6599211.299	202.794
DR1022_03R	5739455.56	6599211.34	199.3578
DR1022_03T	5739457.833	6599211.4	211.08
DR1022_04B	5739449.924	6599212.047	202.697
DR1022_04R	5739445.61	6599212.33	199.2451
DR1022_04T	5739449.567	6599212.099	211.101
DR1022_05B	5739437.024	6599215.828	202.187
DR1022_05R	5739436.82	6599215.8	198.9259
DR1022_05T	5739436.84	6599215.822	213.109
DR1022_06B	5739430.731	6599203.973	204.389
DR1022_06R	5739430.72	6599203.98	199.7405
DR1022_06T	5739430.388	6599203.957	212.839
DR1022_07R	5739443.28	6599202.73	199.961
DR1022_07T	5739445.524	6599202.689	213.282
DR1022_08B	5739457.169	6599201.719	204.426
DR1022_08R	5739454.7	6599201.6	200.1113
DR1022_08T	5739457.046	6599201.732	213.005
DR1022_09R	5739462.38	6599200.92	200.0639
DR1022_10R	5739462.26	6599207.85	199.541
DR1022_11R	5739459.37	6599211.01	199.4741
DR1022_12R	5739452.63	6599211.66	199.2436
DR1022_13R	5739441.03	6599212.8	199.1134
DR1022_15R	5739440.86	6599208.11	199.8013
DR1022_16R	5739444.36	6599207.89	199.8495
DR1022_17R	5739448.07	6599207.56	199.8295
DR1022_18R	5739451.75	6599206.89	199.8812
DR1022_19R	5739455.58	6599206.21	199.29
DR1022_20R	5739436.75	6599203.4	199.7843
DR1022_21R	5739449.89	6599202.13	199.9826
DR1023_01R	5739431.75	6599217.77	198.7888
DR1023_01T	5739432.058	6599217.839	204.195
DR1023_02R	5739424.27	6599218.47	198.6554
DR1023_02T	5739423.731	6599218.598	204.261
DR1023_03R	5739423.01	6599204.64	199.7567
DR1023_03T	5739423.093	6599204.674	205.536
DR1023_06T	5739431.483	6599216.096	213.139
DR1024_01R	5739418.79	6599234.8	198.6753
DR1024_01T	5739419.215	6599233.489	201.67
DR1024_02R	5739418.36	6599227.28	198.7011
DR1024_02T	5739418.788	6599227.414	201.754
DR1710_01R	5739586.915	6598582.366	197.0571
DR1710_02R	5739603.216	6598578.88	197.3607
DR1710_03R	5739603.56	6598565.918	197.2823
DR1710_04R	5739586.08	6598569.797	197.1176
DR1710_05R	5739583.772	6598555.509	197.1503
DR1710_06R	5739600.123	6598552.268	197.1726
GAN_014_01R	5739738.063	6598836.751	203.2284
GAN_014_02R	5739738.219	6598822.792	203.2668
GAN_014_03R	5739741.697	6598803.919	203.3106
GAN_014_04R	5739753.59	6598804.902	203.5872
GAN_014_05R	5739753.277	6598818.591	203.8101
GAN_016_01R	5739745.8	6598712.775	204.1439
GAN_016_02R	5739731.159	6598712.495	204.1623
GAN_016_03R	5739731.101	6598723.423	204.1618
GAN_016_04R	5739745.387	6598723.67	204.2013
GAN_016_05R	5739761.624	6598723.946	204.2107
GAN_018_01R	5739762.728	6598671.112	204.0286
GAN_018_02R	5739746.315	6598670.79	203.9471
GAN_018_03R	5739732.349	6598670.517	204.0679
GAN_018_04R	5739732.349	6598681.392	204.1133
GAN_018_05R	5739746.205	6598681.667	204.1605
GAN_018_06R	5739762.559	6598681.996	204.1471
GAN_020_01R	5739763.221	6598629.282	203.648
GAN_020_02R	5739746.659	6598628.949	203.6495
GAN_020_03R	5739733.106	6598628.676	203.7798
GAN_020_04R	5739732.823	6598639.514	203.8363
GAN_020_05R	5739746.386	6598639.774	203.8211
GAN_020_06R	5739763.488	6598640.108	203.7082
GAN_022_01R	5739764.484	6598587.407	203.1899
GAN_022_02R	5739748.344	6598587.085	203.0913
GAN_022_03R	5739734.113	6598586.801	203.029
GAN_022_04R	5739733.81	6598597.658	203.2847
GAN_022_05R	5739748.139	6598597.953	203.3509
GAN_022_06R	5739764.195	6598598.283	203.3558
GAN_024_01R	5739749.48	6598545.36	202.7614
GAN_024_02R	5739734.881	6598545.049	202.7311
GAN_024_03R	5739734.693	6598555.948	202.8278
GAN_024_04R	5739748.735	6598556.236	202.84
GAN_026_01R	5739783.953	6598527.952	202.251
GAN_026_02R	5739774.062	6598527.745	202.363
GAN_026_03R	5739773.393	6598514.055	202.2862
GAN_026_04R	5739774.065	6598492.633	202.0997
GD0370_01B	5738571.267	6599909.576	212.967
GD0370_01M1	5738571.316	6599909.522	219.427
GD0370_01R	5738571.3	6599909.58	209.8037
GD0370_01T	5738571.314	6599909.534	227.696
GD0370_02B	5738581.771	6599908.006	213.01
GD0370_02M1	5738581.745	6599907.956	219.538
GD0370_02R	5738582.8	6599907.86	209.5779
GD0370_02T	5738581.798	6599907.931	227.671
GD0370_03B	5738594.035	6599906.204	212.949
GD0370_03M1	5738594.059	6599906.192	219.069
GD0370_03R	5738594.01	6599906.15	209.3755
GD0370_03T	5738594.041	6599906.202	227.482
GD0380_01B	5738507.712	6600007.8	212.807
GD0380_01R	5738507.46	6600007.87	210.0743
GD0380_02B	5738502.486	6600008.629	212.128
GD0380_02R	5738502.55	6600008.74	210.1009
GD0380_03B	5738486.61	6600011.071	212.283
GD0380_03R	5738485.35	6600011.41	210.1926
GD0380_04B	5738483.763	6600008.857	212.161
GD0380_04R	5738483.56	6600009.11	210.1078
GD0380_05B	5738476.078	6600008.154	212.182
GD0380_05R	5738475.94	6600008.24	210.1131
GD0381_01B	5738513.067	6600007.004	214.588
GD0381_01R	5738513.17	6600007.22	209.9138
GD0381_01T	5738513.096	6600006.999	219.4
GD0381_02B	5738504.622	6600003.714	214.897
GD0381_02R	5738504.58	6600003.7	210.1545
GD0381_02T	5738504.704	6600003.607	221.372
GD0381_03R	5738502.52	6599987.58	209.8528
GD0381_04R	5738521.22	6599984.68	209.8222
GD0400_01R	5738437.93	6599997.65	209.7932
GD0400_02R	5738454.46	6599995.11	209.8442
GD0400_03R	5738467.09	6599993.1	209.9941
GD0400_04R	5738469.68	6600007.32	210.3795
GD0400_05B	5738465.057	6600011.204	215.041
GD0400_05M1	5738465.044	6600011.219	218.65
GD0400_05T	5738465.06	6600011.244	222.52
GD0400_06B	5738444.216	6600012.795	215.089
GD0400_06M1	5738444.204	6600012.81	218.814
GD0400_06T	5738444.222	6600012.821	222.588
GD0401_01B	5738472.463	6600029.635	214.914
GD0401_01M1	5738472.466	6600029.617	218.566
GD0401_01T	5738472.468	6600029.609	222.445
GD0402_01B	5738458.955	6600036.122	214.197
GD0402_01M1	5738458.937	6600036.142	219.507
GD0402_01T	5738458.909	6600036.136	225.697
GD0402_02B	5738476.054	6600033.534	214.668
GD0402_02M1	5738476.058	6600033.535	219.993
GD0402_02T	5738476.027	6600033.563	225.663
GD0402_03B	5738471.233	6600042.565	218.811
GD0403_01B	5738458.047	6600032.375	213.967
GD0403_01M1	5738457.959	6600032.358	217.68
GD0403_01M2	5738457.884	6600032.339	221.746
GD0403_01T	5738457.842	6600032.344	225.614
GD0403_02B	5738451.7	6600016.537	213.413
GD0403_02M1	5738451.634	6600016.515	217.741
GD0403_02M2	5738451.603	6600016.52	221.649
GD0403_02T	5738451.588	6600016.487	225.526
GD0420_01B	5738434.494	6600014.569	214.584
GD0420_01M1	5738434.532	6600014.58	218.84
GD0420_01R	5738434.47	6600014.51	209.846
GD0420_01T	5738434.492	6600014.609	226.98
GD0420_02B	5738422.681	6600018.061	215.161
GD0420_02M1	5738422.644	6600018.062	219.01
GD0420_02R	5738422.4	6600018.05	209.8332
GD0420_02T	5738422.615	6600018.057	224.885
GD0420_03R	5738405.11	6600002.94	209.5403
GD0421_01B	5738437.344	6600020.529	215.473
GD0421_01M1	5738437.332	6600020.536	221.759
GD0421_01R	5738437.27	6600020.2	210.0223
GD0421_01T	5738437.338	6600020.563	226.866
GD0421_02B	5738440.877	6600034.808	215.589
GD0421_02M1	5738440.905	6600034.813	220.829
GD0421_02R	5738440.71	6600034.29	210.2824
GD0421_02T	5738440.938	6600034.864	226.09
GD0422_01B	5738446.525	6600047.685	215.005
GD0422_01M1	5738446.523	6600047.699	218.836
GD0422_01R	5738446.76	6600048.14	210.39
GD0422_01T	5738446.49	6600047.633	222.599
GD0422_02B	5738454.552	6600045.332	215.052
GD0422_02M	5738454.549	6600045.344	218.17
GD0422_02R	5738453.92	6600045.59	210.9946
GD0423_01B	5738429.785	6600044.425	214.989
GD0423_01M1	5738429.844	6600044.617	218.79
GD0423_01R	5738428.99	6600043.09	210.2217
GD0423_01T	5738429.776	6600044.461	222.527
GD0423_02B	5738433.193	6600053.145	214.959
GD0423_02M1	5738433.202	6600053.178	218.774
GD0423_02R	5738433.25	6600053.46	210.708
GD0423_02T	5738433.198	6600053.182	222.595
GD0424_01B	5738428.489	6600039.599	213.191
GD0424_01M1	5738428.456	6600039.572	219.74
GD0424_01R	5738427.72	6600039.31	210.193
GD0424_01T	5738428.417	6600039.584	227.042
GD0424_02B	5738420.71	6600025.309	214.34
GD0424_02M1	5738420.725	6600025.356	218.785
GD0424_02R	5738420.79	6600025.55	209.899
GD0424_02T	5738420.721	6600025.305	224.817
GD0440_01B	5738427.317	6600059.508	214.269
GD0440_01M1	5738427.387	6600059.489	218.822
GD0440_01T	5738427.326	6600059.514	222.68
GD0440_02B	5738420.524	6600063.782	214.035
GD0440_02M1	5738420.387	6600063.824	218.902
GD0440_02T	5738420.385	6600063.841	222.709
GD0440_03B	5738412.43	6600067.355	214.681
GD0440_03M1	5738412.392	6600067.386	218.404
GD0440_03T	5738412.358	6600067.416	222.394
GD0440_04B	5738404.425	6600069.66	214.63
GD0440_04M1	5738404.446	6600069.672	218.366
GD0440_04R	5738403.99	6600069.79	210.4373
GD0440_04T	5738404.572	6600069.6	222.297
GD0440_05B	5738406.542	6600053.831	213.72
GD0440_05M1	5738406.649	6600053.787	218.24
GD0440_05T	5738406.563	6600053.824	222.506
GD0440_06B	5738414.684	6600050.197	214.029
GD0440_06M1	5738414.591	6600050.251	218.124
GD0440_06T	5738414.669	6600050.232	222.611
GD0441_01B	5738398.608	6600036.992	216.117
GD0441_01M1	5738398.594	6600036.928	220.987
GD0441_01T	5738398.612	6600036.926	228.271
GD0441_02B	5738397.806	6600035.201	216.092
GD0441_02M1	5738397.872	6600035.297	220.975
GD0441_02T	5738397.882	6600035.298	228.26
GD0441_03B	5738391.899	6600025.42	214.805
GD0441_03M1	5738391.887	6600025.389	220.519
GD0441_03T	5738391.894	6600025.375	226.802
GD0441_04B	5738394.581	6600021.524	216.126
GD0441_04M1	5738394.6	6600021.526	220.555
GD0441_04T	5738394.585	6600021.514	226.875
GD0441_05B	5738401.934	6600019.176	216.285
GD0441_05M1	5738401.932	6600019.183	221.913
GD0441_05T	5738401.917	6600019.172	226.887
GD0441_06B	5738406.829	6600031.275	216.005
GD0441_06M1	5738406.866	6600031.407	220.876
GD0441_06T	5738406.862	6600031.421	228.206
GD0441_07B	5738407.597	6600033.21	215.998
GD0441_07M1	5738407.51	6600033.086	220.87
GD0441_07T	5738407.499	6600033.082	228.269
GD0450_01B	5738462.921	6599976.705	214.244
GD0450_01M1	5738463.035	6599976.683	218.52
GD0450_01R	5738462.62	6599976.69	209.9001
GD0450_01T	5738463.051	6599976.664	223.824
GD0450_02B	5738454.555	6599977.885	214.364
GD0450_02M1	5738454.549	6599977.861	218.607
GD0450_02R	5738453.64	6599978.06	209.9341
GD0450_02T	5738454.581	6599977.866	223.957
GD0450_03R	5738451.69	6599963.85	210.2986
GD0450_04R	5738464.47	6599961.97	210.1336
GD0451_01R	5738464.63	6599956.26	210.1565
GD0451_02R	5738460.62	6599944.06	210.1963
GD0451_03R	5738456.51	6599931.76	210.2894
GD0451_04R	5738462.04	6599929.45	210.6387
GD0464_01B	5738377.775	6600026.661	213.451
GD0464_01M1	5738377.759	6600026.636	217.425
GD0464_01M2	5738377.775	6600026.646	220.835
GD0464_01R	5738377.7	6600026.62	209.6148
GD0464_01T	5738377.802	6600026.65	224.584
GD0464_02B	5738383.827	6600042.44	214.071
GD0464_02M1	5738383.82	6600042.401	217.677
GD0464_02M2	5738383.886	6600042.432	221.862
GD0464_02R	5738383.87	6600042.54	209.8907
GD0464_02T	5738383.936	6600042.464	225.722
GD0464_03B	5738390.575	6600055.622	213.753
GD0464_03M1	5738390.624	6600055.692	217.954
GD0464_03M2	5738390.644	6600055.691	221.652
GD0464_03R	5738390.59	6600055.76	209.9915
GD0464_03T	5738390.657	6600055.703	225.834
K18_PK1	5739046.517	6597898.037	193.871
K18_PK2	5739074.917	6597900.456	193.873
K18_PK3	5739092.177	6597901.581	192.986
K18_PK4	5739090.391	6597913.748	192.988
K18_PK5	5739073.147	6597910.769	193.871
K18_PK6	5739045.74	6597908.358	193.867
KA0050_01R	5739239.21	6599459.87	201.901
KA0050_02R	5739194.05	6599467.41	201.8853
KA0050_03R	5739202.88	6599527.55	201.8238
KO0010_01R	5738330.69	6600239.02	208.551
KO0010_02B	5738333.745	6600255.572	213.927
KO0010_02M1	5738333.657	6600255.594	217.655
KO0010_02M2	5738333.644	6600255.596	221.37
KO0010_02R	5738333.53	6600255.77	208.8298
KO0010_02T	5738333.424	6600255.582	227.837
KO0010_03B	5738337.286	6600275.453	213.919
KO0010_03M1	5738337.144	6600275.451	217.766
KO0010_03M2	5738337.142	6600275.439	221.382
KO0010_03R	5738337.09	6600276.59	208.8223
KO0010_03T	5738336.79	6600275.504	228.04
KO0010_04B	5738339.671	6600291.575	214.017
KO0010_04M1	5738339.682	6600291.672	217.669
KO0010_04M2	5738339.676	6600291.577	221.932
KO0010_04R	5738339.62	6600291.6	209.0167
KO0010_04T	5738339.715	6600291.055	227.946
KO0010_05B	5738337.452	6600296.093	213.841
KO0010_05M1	5738336.587	6600295.972	217.827
KO0010_05M2	5738336.628	6600295.97	222.012
KO0010_05R	5738337.03	6600296.12	208.866
KO0010_05T	5738335.865	6600296.094	229.054
KO0010_06R	5738323.87	6600298.37	208.8468
KO0010_07B	5738310.811	6600300.46	213.834
KO0010_07M1	5738310.747	6600300.268	217.645
KO0010_07M2	5738310.774	6600300.264	221.501
KO0010_07R	5738310.75	6600300.41	208.841
KO0010_07T	5738310.722	6600299.882	227.963
KO0010_08R	5738297.51	6600302.1	208.8614
KO0010_09R	5738294.16	6600286.83	208.7804
KO0010_10R	5738291.64	6600271.6	208.6909
KO0010_11R	5738304.39	6600249.47	208.7072
KO0010_12R	5738317.39	6600246.23	208.7014
KO0010_13R	5738319.1	6600266.37	208.773
KO0010_14R	5738325.69	6600277.89	208.8284
KO0010_15R	5738325.53	6600280.03	208.8126
KO0010_16R	5738312.32	6600282.02	209.222
KO0010_17R	5738300.84	6600284.63	208.8314
KO0030_01R	5738272.683	6600305.452	208.9013
KO0030_02R	5738290.564	6600303.116	208.6244
KO0030_03R	5738288.217	6600287.552	208.588
KO0030_04R	5738277.49	6600272.24	209.3378
KO0030_05R	5738286.04	6600271.81	209.2849
KO0040_01R	5738282.48	6600348.52	209.2976
KO0040_02R	5738296.82	6600346.12	209.3258
KO0040_03B	5738303.13	6600345.218	217.102
KO0040_03R	5738302.91	6600345.34	209.3552
KO0040_03T	5738302.98	6600345.392	225.102
KO0040_04B	5738308.738	6600374.241	216.401
KO0040_04MZ	5738308.69	6600374.271	220.987
KO0040_04R	5738308.85	6600374.23	209.6218
KO0040_04T	5738308.637	6600374.274	224.721
KO0040_05R	5738287.07	6600375.58	209.4172
KO0041_01R	5738305.59	6600402.15	209.4566
KO0041_02B	5738312.373	6600398.981	212.275
KO0041_02MZ	5738312.361	6600399.063	216.342
KO0041_02R	5738312.3	6600398.78	209.7105
KO0041_02T	5738312.368	6600399.098	222.618
KO0041_03R	5738315.96	6600421.7	209.2298
KOZ_G01A	5739626.344	6598391.377	-3377502.369
KOZ_G01B	5739626.344	6598391.377	-8066880.257
KOZ_G02A	5739611.964	6598328.43	-3377508.481
KOZ_G02B	5739611.964	6598328.43	-8066815.978
KOZ_G03A	5739597.567	6598294.144	-3531744.668
KOZ_G03B	5739597.567	6598294.144	-8000452.827
KOZ_G04A	5739596.937	6598262.406	-3377514.945
KOZ_G04B	5739596.937	6598262.406	-8066748.575
KOZ_G1	5739626.344	6598391.377	188.652
KOZ_G10	5739600.646	6598399.848	188.656
KOZ_G2	5739611.964	6598328.43	188.648
KOZ_G3	5739597.567	6598294.144	188.907
KOZ_G4	5739596.937	6598262.406	188.932
KOZ_G7	5739546.728	6598278.311	188.919
KOZ_G8	5739574.579	6598340.742	188.921
KOZ_G9	5739590.011	6598367.679	188.616
KOZ_P01A	5739618.615	6598411.947	-8066897.36
KOZ_P02A	5739620.166	6598372.723	-3377502.361
KOZ_P02B	5739620.166	6598372.723	-8066860.606
KOZ_P1	5739618.615	6598411.947	194.575
KOZ_P2	5739620.166	6598372.723	188.643
KOZ_P3	5739582.682	6598231.286	188.862
KOZ_P6	5739542.25	6598250.341	188.912
KOZ_P7	5739563.507	6598299.539	188.953
L17_181	5739501.716	6598063.29	194.8733
L17_182	5739486.526	6598063.873	194.6783
L17_183	5739477.789	6598067.45	194.4871
L17_184	5739472.719	6598067.655	194.377
L17_185	5739467.861	6598067.992	194.2657
L17_186	5739497.911	6598082.279	194.1625
L17_187	5739482.9	6598082.957	194.1166
L17_188	5739467.827	6598083.613	194.1734
L17_189	5739488.691	6598092.201	194.2795
L17_190	5739500.276	6598111.327	194.375
L18_001	5739120.42	6597953.25	194.9431
L18_002	5739120.82	6597943.23	194.8643
L18_003	5739119.4	6597932.98	195.0392
L18_004	5739123.88	6597933.44	194.7197
L18_005	5739129.13	6597933.24	194.8188
L18_006	5739121.43	6597928.27	194.74
L18_007	5739121.8	6597917.46	194.4943
L18_008	5739119.83	6597912.94	194.6113
L18_009	5739121.92	6597913.14	194.4891
L18_010	5739124.78	6597913.39	194.5625
L18_011	5739129.46	6597913.41	194.5361
L18_012	5739122.2	6597909.72	194.4572
L18_012a	5739147.83	6597888.17	194.4595
L18_013	5739122.65	6597898.1	194.478
L18_014	5739120.95	6597893.1	194.8068
L18_015	5739125.56	6597893.39	194.3881
L18_016	5739130.35	6597893.78	194.4244
L18_017	5739123.23	6597883.1	194.358
L18_018	5739123.65	6597873.14	194.3001
L18_019	5739143.13	6597957.86	195.3357
L18_020	5739143.68	6597947.36	194.9718
L18_021	5739144.92	6597932.94	194.8386
L18_022	5739145.72	6597922.39	194.8098
L18_023	5739145.94	6597918.23	194.7579
L18_024	5739145.99	6597914.06	194.6554
L18_025	5739146.88	6597903.17	194.5716
L18_026	5739147.83	6597888.17	194.7175
L18_027	5739149.43	6597878.39	194.7089
L18_028	5739166.14	6597963.87	195.0827
L18_029	5739167.379	6597954.203	195.0903
L18_030	5739167.379	6597935.869	194.953
L18_031	5739167.38	6597927.88	194.9109
L18_032	5739167.53	6597923.86	194.8763
L18_033	5739167.69	6597919.47	194.8039
L18_034	5739168.01	6597908.69	194.8813
L18_035	5739169.44	6597897.04	194.8507
L18_036	5739171.31	6597875.58	194.7579
L18_037	5739191.42	6597970.15	195.3092
L18_038	5739191.74	6597960.31	195.216
L18_039	5739192.28	6597945.08	195.0033
L18_040	5739192.59	6597934.56	194.9557
L18_041	5739192.78	6597930.11	194.8723
L18_042	5739192.92	6597925.73	194.8257
L18_043	5739193.3	6597915.22	194.7197
L18_044	5739193.85	6597900.26	194.5733
L18_045	5739194.1	6597890.19	194.4477
L18_046	5739257.626	6597985.141	194.4782
L18_047	5739262.145	6597980.883	194.4364
L18_048	5739256.526	6597980.927	194.3802
L18_049	5739251.539	6597980.7	194.6533
L18_050	5739259.853	6597977.691	194.346
L18_051	5739255.74	6597975.659	194.4107
L18_052	5739249.983	6597976.905	194.6643
L18_053	5739258.296	6597971.506	194.3089
L18_054	5739261.587	6597960.999	194.1582
L18_055	5739258.999	6597960.82	194.1843
L18_056	5739257.18	6597961.129	194.266
L18_057	5739252.316	6597960.977	194.5208
L18_058	5739260.488	6597955.281	194.108
L18_059	5739259.37	6597956.604	194.1773
L18_060	5739255.553	6597955.315	194.3777
L18_061	5739253.117	6597955.581	194.4595
L18_062	5739259.96	6597952.308	194.1347
L18_063	5739262.932	6597940.994	193.9911
L18_064	5739259.55	6597941.848	194.0421
L18_065	5739257.821	6597940.668	194.0808
L18_066	5739252.782	6597940.734	194.2322
L18_067	5739261.85	6597935.252	193.9121
L18_068	5739256.138	6597934.817	194.1936
L18_069	5739251.32	6597934.838	194.1639
L18_070	5739259.729	6597926.669	193.8984
L18_071	5739262.475	6597921.76	193.8822
L18_072	5739258.259	6597920.88	193.8741
L18_073	5739253.33	6597920.649	194.1187
L18_074	5739261.775	6597915.455	193.7299
L18_075	5739257.305	6597914.905	193.8222
L18_076	5739251.732	6597915.266	194.0875
L18_077	5739256.63	6597920.88	193.9136
L18_081	5739342.933	6597986.041	194.102
L18_082	5739336.662	6597991.435	193.8799
L18_083	5739333.722	6597990.522	193.7448
L18_084	5739359.513	6597985.09	194.3351
L18_085	5739346.233	6597991.106	194.059
L18_086	5739336.244	6597995.653	193.7404
L18_087	5739332.483	6597997.255	193.8006
L18_088	5739328.062	6597997.92	193.803
L18_089	5739318.901	6598003.387	194.0366
L18_090	5739305.219	6598009.552	194.878
L18_091	5739364.4	6597986.72	194.4571
L18_092	5739360.483	6597988.619	194.3653
L18_093	5739350.545	6598004.84	194.3941
L18_094	5739345.112	6598007.336	194.3792
L18_095	5739343.135	6598007.901	194.4159
L18_096	5739371.184	6597994.376	194.3718
L18_097	5739366.182	6598001.488	194.386
L18_098	5739360.253	6598009.712	194.3323
L18_099	5739357.592	6598013.515	194.4756
L18_100	5739355.867	6598016.723	194.5096
L18_101	5739348.665	6598025.863	194.7741
L18_102	5739339.879	6598038.028	194.8077
L18_103	5739353	6598010.252	194.4866
L18_104	5739370.248	6598023.126	194.3443
L18_105	5739373.46	6598004.72	194.456
L18_106	5739368.923	6598006.77	194.4232
L18_108	5739381.984	6598007.185	194.3706
L18_109	5739377.712	6598009.866	194.4292
L18_110	5739358.73	6598023.086	194.5351
L18_111	5739353.447	6598025.493	194.6421
L18_112	5739381.751	6598022.801	194.4436
L18_113	5739377.275	6598024.907	194.5028
L18_115	5739392.772	6598024.238	194.3749
L18_116	5739388.43	6598026.783	194.4666
L18_117	5739366.982	6598041.307	194.6641
L18_118	5739361.734	6598043.7	194.8403
L18_119	5739357.135	6598045.785	194.8468
L18_120	5739390.205	6598040.949	194.504
L18_121	5739385.757	6598042.983	194.5775
L18_123	5739399.556	6598041.093	194.4654
L18_124	5739396.792	6598044.26	194.4924
L18_125	5739394.102	6598047.637	194.6038
L18_126	5739388.403	6598054.743	194.385
L18_127	5739377.46	6598067.177	194.635
L18_128	5739407.403	6598038.434	194.4365
L18_129	5739403.266	6598041.009	194.4067
L18_130	5739399.076	6598043.677	194.4512
L18_131	5739398.667	6598058.972	194.3996
L18_132	5739394	6598061.206	194.5414
L18_133	5739418.084	6598055.256	194.5338
L18_134	5739413.89	6598057.994	194.5741
L18_135	5739410.317	6598060.2	194.5401
L18_136	5739402.958	6598068.603	194.4327
L18_137	5739398.541	6598070.765	194.3834
L18_138	5739424.286	6598057.499	194.5281
L18_139	5739424.017	6598062.467	194.4942
L18_140	5739423.948	6598067.608	194.3005
L18_141	5739410.956	6598067.995	194.3797
L18_142	5739430.007	6598067.466	194.2536
L18_143	5739446.969	6598066.648	194.2169
L18_144	5739442.013	6598066.866	194.1728
L18_145	5739436.908	6598067.116	194.1941
L18_146	5739455.385	6598066.241	194.3541
L18_147	5739455.527	6598069.942	193.9783
L18_148	5739440.954	6598070.555	194.0245
L18_149	5739430.076	6598071.016	194.02
L18_150	5739424.998	6598071.186	194.0831
L18_151	5739421.568	6598071.261	194.1831
L18_152	5739410.952	6598071.674	194.2782
L18_153	5739448.965	6598086.519	194.014
L18_154	5739443.587	6598086.799	194.0349
L18_155	5739438.135	6598086.98	194.0344
L18_156	5739413.388	6598091.172	194.3861
L18_157	5739408.714	6598091.626	194.4067
L18_158	5739449.874	6598108.318	194.0051
L18_159	5739444.812	6598108.538	194.0437
L18_160	5739439.752	6598108.732	194.072
L18_161	5739495.187	6598111.286	194.3043
L18_162	5739480.211	6598111.95	194.1774
L18_163	5739469.563	6598112.474	194.1101
L18_164	5739465.274	6598112.515	194.1358
L18_165	5739460.955	6598112.703	194.1798
L18_166	5739450.314	6598113.258	194.2178
L18_167	5739435.385	6598114.019	194.33
L18_168	5739448.788	6598124.056	194.638
L18_169	5739443.788	6598124.342	194.6671
L18_170	5739438.929	6598124.76	194.5481
L18_171	5739440.955	6598087.843	194.0432
L18_172	5739446.293	6598087.63	194.0244
L18_173	5739451.622	6598087.3	194.0207
L18_174	5739454.294	6598086.198	194.0139
L18_175	5739456.989	6598087.14	194.0065
L18_176	5739652.002	6598407.439	199.235
L18_177	5739653.141	6598412.308	199.1894
L18_178	5739653.975	6598415.887	199.1909
L18_180	5739632.821	6598416.803	199.0518
L18_181	5739634.043	6598419.729	198.9371
L18_183	5739614.193	6598421.42	198.7195
L18_184	5739615.21	6598423.704	198.6044
L18_185	5739593.58	6598421.107	198.4677
L18_186	5739594.719	6598425.976	198.4437
L18_187	5739595.171	6598427.822	198.2922
L18_188	5739659.225	6598414.819	199.2405
L18_189	5739644.613	6598417.746	199.0694
L18_190	5739629.911	6598420.725	198.8404
L18_191	5739625.78	6598421.72	198.748
L18_192	5739619.375	6598422.86	198.6508
L18_193	5739611.045	6598424.548	198.5413
L18_194	5739600.508	6598426.683	198.3819
L18_195	5739585.806	6598429.662	198.1302
L18_196	5739644.959	6598428.325	199.1822
L18_197	5739646.155	6598433.179	199.204
L18_198	5739629.258	6598434.383	198.7582
L18_199	5739611.134	6598436.574	198.6461
L18_200	5739612.297	6598441.437	198.8038
L18_202	5739592.845	6598446.088	198.4589
L18_203	5739662.732	6598424.103	199.4248
L18_204	5739648.218	6598427.59	199.2737
L18_205	5739637.69	6598429.832	199.1111
L18_206	5739633.636	6598431.106	199.0526
L18_207	5739629.412	6598432.126	198.7503
L18_208	5739623.185	6598433.626	198.6759
L18_209	5739619.054	6598434.623	198.7643
L18_210	5739614.922	6598435.619	198.6862
L18_211	5739604.471	6598438.14	198.5387
L18_212	5739591.682	6598441.225	198.4091
L18_213	5739539.436	6598215.759	194.998
L18_214	5739535.448	6598216.583	194.794
L18_215	5739532.053	6598217.08	194.941
L18_216	5739564.291	6598267.548	191.46
L18_217	5739560.261	6598269.092	191.56
L18_218	5739556.23	6598270.874	191.515
L18_219	5739593.934	6598373.963	190.864
L18_220	5739598.09	6598372.774	190.945
L18_221	5739602.27	6598371.711	190.858
L18_223	5739640.555	6598487.031	199.5373
L18_224	5739640.991	6598498.302	199.691
L18_225	5739645.05	6598514.225	200.0832
L18_226	5739652.436	6598525.458	200.5597
L18_227	5739649.513	6598528.61	200.6177
L18_228	5739646.203	6598531.008	200.6928
L18_229	5739660.67	6598550.407	200.7064
L18_230	5739656.366	6598551.627	200.6126
L18_231	5739652.449	6598552.998	200.4578
L18_235	5739631.13	6598467.51	199.2066
L18_236	5739632.7	6598472.26	199.2502
L18_239	5739640.285	6598501.661	199.7206
L18_240	5739645.259	6598517.161	200.1479
L18_241	5739643.759	6598548.409	199.947
L18_242	5739647.729	6598558.419	199.9268
L18_243	5739655.568	6598547.938	199.9266
L18_244	5739657.66	6598558.19	199.8907
L18_245	5739660.39	6598565.74	199.8991
L18_246	5739662.26	6598575.5	199.9147
L18_248	5739660.938	6598512.319	199.905
L18_249	5739662.108	6598521.226	199.9026
L18_250	5739659.505	6598530.482	199.9484
L18_252	5739667.61	6598555.47	199.8811
L18_253	5739670.17	6598564.49	199.8867
L18_254	5739673.07	6598572.99	199.899
L18_256	5739674.14	6598526.39	199.9232
L18_257	5739674.29	6598539.27	199.9202
L18_258	5739674.45	6598550.07	199.8953
L18_259	5739681.42	6598564.4	199.8839
L18_K01	5739567.867	6598284.803	191.257
L18_K02	5739571.214	6598293.017	191.369
L18_K03	5739573.501	6598299.088	191.257
L18_K04	5739583.527	6598328.979	191.095
L18_K05	5739587.004	6598339.427	190.888
L18_K06	5739589.229	6598346.119	190.76
L18_K07	5739591.976	6598354.551	191.091
L18_K08	5739594.571	6598362.152	190.795
L18_K09	5739601.549	6598382.357	190.827
L18_K10	5739611.376	6598401.424	196.856
L18_K11	5739606.91	6598402.825	196.775
L18_K12	5739602.917	6598404.25	196.823
L18_L	5739182.06	6597927.689	195.0488
L18_LODKA_01	5739352.473	6598003.407	194.4412
L18_LODKA_02	5739354.688	6598006.282	194.4801
L18_LODKA_03	5739355.166	6598008.093	194.4881
L18_LODKA_04	5739356.514	6598011.983	194.4787
L18_LODKA_05	5739357.905	6598014.751	194.5304
L18_LODKA_06	5739359.029	6598017.807	194.5732
L18_LODKA_07	5739360.094	6598019.957	194.5865
L18_LODKA_08	5739361.292	6598022.802	194.5572
L18_LODKA_09	5739362.572	6598025.476	194.5739
L18_LODKA_10	5739364.424	6598029.646	194.5842
L18_LODKA_11	5739365.929	6598032.859	194.5867
L18_LODKA_12	5739368.119	6598037.853	194.586
L18_M	5739175.972	6597925.94	194.9805
L18_os1	5739154.6	6597919.86	194.8288
L18_os10	5739448.086	6598094.005	194.2884
L18_os2	5739178.62	6597926.56	195.0067
L18_os3	5739202.23	6597934.03	194.8616
L18_os4	5739225.73	6597942.58	194.9627
L18_os5	5739251.551	6597953.475	194.3511
L18_os6	5739336.461	6597999.42	194.1398
L18_os7	5739376.97	6598028.121	194.4621
L18_os8	5739415.618	6598060.825	194.518
L18_osZ4	5739242.098	6597949.584	194.3655
L21_001	5739662.223	6598505.448	200.3512
L21_002	5739657.69	6598506.414	200.1535
L21_003	5739651.632	6598510.008	200.043
L21_004	5739642.086	6598459.269	199.6526
L21_005	5739656.32	6598502.11	199.9108
L21_006	5739653.59	6598493.39	199.9361
L21_007	5739652.17	6598489.11	199.8553
L21_008	5739650.83	6598484.89	199.7931
L21_009	5739649.45	6598480.65	199.6651
L21_010	5739648.03	6598476.36	199.5654
L21_011	5739646.52	6598472	199.4295
L21_012	5739645.17	6598467.74	199.5871
L21_013	5739643.73	6598463.47	199.6015
L21_014	5739639.94	6598451.96	199.6323
L21_015	5739639.03	6598449.09	199.5208
L21_016	5739638.14	6598446.36	199.4015
L21_017	5739637.2	6598443.46	199.2971
L21_018	5739636.22	6598440.54	199.2087
L21_031	5739539.091	6598110.164	194.8122
L21_032	5739549.258	6598109.867	194.937
L21_033	5739559.906	6598108.098	195.0288
L21_034	5739564.224	6598107.562	195.1041
L21_035	5739568.632	6598106.862	195.1466
L21_036	5739579.578	6598106.841	195.3252
L21_037	5739589.261	6598105.94	195.3887
L21_041	5739531.579	6598090.198	194.6543
L21_042	5739549.944	6598089.324	194.8289
L21_043	5739560.69	6598088.872	194.9314
L21_044	5739565.004	6598088.669	194.9739
L21_045	5739569.161	6598088.456	195.0056
L21_046	5739579.972	6598087.982	195.0976
L21_047	5739589.822	6598087.539	195.2167
L21_050	5739548.649	6598079.974	194.5673
L21_051	5739565.535	6598079.167	194.7611
L21_052	5739580.728	6598078.507	194.9393
L21_053	5739548.14	6598065.52	195.1711
L21_054	5739566.6	6598064.792	195.31
L21_055	5739581.498	6598064.495	195.4142
L21_056	5739547.78	6598058.427	195.366
L21_057	5739567.358	6598057.673	195.5565
L21_058	5739582.221	6598056.817	195.7685
L21_059	5739568.77	6598045.24	194.9648
L21_060	5739572.42	6598020.01	195.1978
L21_062	5739559.41	6598009.33	194.9434
L21_063	5739570.15	6598008.85	195.0649
L21_064	5739574.4	6598008.66	195.2069
L21_065	5739578.64	6598008.47	195.2628
L21_066	5739589.38	6598007.99	195.5235
L21_067	5739604.37	6598007.33	195.6737
L21_070	5739577.26	6597994.15	195.4483
L21_071	5739564.69	6597953.86	195.1735
L21_072	5739572.44	6597966.71	195.2485
L21_073	5739577.99	6597975.91	195.2672
L21_074	5739580.19	6597979.55	195.3722
L21_075	5739582.38	6597983.19	195.3704
L21_076	5739587.94	6597992.39	195.4633
L21_077	5739590.88	6598001.4	195.4845
L21_080	5739588.9	6597947.59	195.2427
L21_081	5739579.46	6597902.79	194.9807
L21_082	5739591.41	6597925.21	195.0707
L21_083	5739586.42	6597915.92	195.077
L21_084	5739593.28	6597929.09	195.0493
L21_085	5739595.1	6597932.93	195.0802
L21_086	5739599.08	6597943.23	195.223
L21_087	5739604.5	6597956.95	195.3951
L21_090	5739601.12	6597909.8	195.1329
L21_091	5739600.857	6597865.248	195.0914
L21_092	5739604.096	6597871.913	195.4246
L21_093	5739610.065	6597884.579	195.3857
L21_094	5739611.655	6597888.795	195.4083
L21_095	5739613.145	6597893.197	195.39
L21_096	5739617.159	6597903.441	195.5688
L21_097	5739621.431	6597913.449	195.6997
L21_098	5739622.93	6597850.04	194.9386
L21_099	5739626.95	6597839.23	194.9093
L21_101	5739627.68	6597786.94	194.7403
L21_102	5739631.8	6597796.11	194.6775
L21_103	5739636.21	6597805.85	194.6834
L21_104	5739637.74	6597809.89	194.564
L21_105	5739639.48	6597813.68	194.6928
L21_106	5739643.87	6597823.39	194.6895
L21_107	5739648.01	6597832.64	194.9285
L21_111	5739623.55	6597776.27	194.772
L21_112	5739632.91	6597779.8	194.8639
L21_113	5739642.98	6597783.62	194.856
L21_114	5739646.92	6597785.14	194.7705
L21_115	5739651.35	6597786.46	194.7055
L21_116	5739660.99	6597790.36	194.674
L21_117	5739670.11	6597793.6	194.5967
L21_118	5739653.45	6597767.53	194.6714
L21_121	5739636.55	6597741.91	194.99
L21_122	5739645.91	6597745.7	195
L21_123	5739655.36	6597748.97	194.8807
L21_124	5739659.92	6597750.49	194.8247
L21_125	5739663.91	6597752.15	194.8328
L21_126	5739673.9	6597755.99	194.9086
L21_127	5739683.42	6597759.51	194.8406
L21_128	5739669.28	6597725.77	194.8733
L21_129	5739678.95	6597703.13	195.1601
L21_133	5739683.28	6597685.32	195.0789
L21_134	5739687	6597687.32	195.0705
L21_135	5739690.54	6597689.12	195.2068
L21_141	5739693.58	6597629.27	195.6009
L21_142	5739698.91	6597638.24	195.5706
L21_143	5739704.02	6597647.12	195.6548
L21_144	5739706.34	6597650.65	195.6624
L21_145	5739709.07	6597654.19	195.7332
L21_146	5739714.68	6597662.99	195.8844
L21_147	5739720.3	6597671.85	195.9214
L21_151	5739697.22	6597619.05	195.4904
L21_152	5739706.58	6597622.49	195.4182
L21_153	5739716.44	6597625.99	195.4783
L21_154	5739720.58	6597627.58	195.4672
L21_155	5739724.72	6597629.13	195.4953
L21_156	5739734.49	6597632.81	195.3754
L21_157	5739743.63	6597636.14	195.3844
L21_160	5739738.82	6597601.78	195.2558
L21_161	5739729.42	6597574.1	195.0168
L21_162	5739738.56	6597577.82	195.0623
L21_163	5739748.35	6597581.28	195.1369
L21_164	5739752.5	6597582.8	195.1852
L21_165	5739756.75	6597584.22	195.222
L21_166	5739766.54	6597587.78	195.3882
L21_167	5739775.87	6597591.11	195.475
L21_176	5739652.002	6598407.439	199.235
L21_177	5739653.141	6598412.308	199.1894
L21_178	5739653.975	6598415.887	199.1909
L21_180	5739632.821	6598416.803	199.0518
L21_181	5739634.043	6598419.729	198.9371
L21_183	5739614.193	6598421.42	198.7195
L21_184	5739615.21	6598423.704	198.6044
L21_185	5739593.58	6598421.107	198.4677
L21_186	5739594.719	6598425.976	198.4437
L21_187	5739595.171	6598427.822	198.2922
L21_188	5739659.225	6598414.819	199.2405
L21_189	5739644.613	6598417.746	199.0694
L21_190	5739629.911	6598420.725	198.8404
L21_191	5739625.78	6598421.72	198.748
L21_192	5739619.375	6598422.86	198.6508
L21_193	5739611.045	6598424.548	198.5413
L21_194	5739600.508	6598426.683	198.3819
L21_195	5739585.806	6598429.662	198.1302
L21_196	5739644.959	6598428.325	199.1822
L21_197	5739646.155	6598433.179	199.204
L21_198	5739629.258	6598434.383	198.7582
L21_199	5739611.134	6598436.574	198.6461
L21_200	5739612.297	6598441.437	198.8038
L21_202	5739592.845	6598446.088	198.4589
L21_203	5739662.732	6598424.103	199.4248
L21_204	5739648.218	6598427.59	199.2737
L21_205	5739637.69	6598429.832	199.1111
L21_206	5739633.636	6598431.106	199.0526
L21_207	5739629.412	6598432.126	198.7503
L21_208	5739623.185	6598433.626	198.6759
L21_209	5739619.054	6598434.623	198.7643
L21_210	5739614.922	6598435.619	198.6862
L21_211	5739604.471	6598438.14	198.5387
L21_212	5739591.682	6598441.225	198.4091
L21_os1	5739634.149	6598435.006	199.1188
L21_os1B	5739634.84	6598436.32	199.2165
L22_101	5739566.61	6597880.34	194.9681
L22_102	5739557.2	6597868.88	194.9702
L22_103	5739549.7	6597861.14	195.0009
L22_104	5739546.79	6597858.04	194.9782
L22_105	5739543.87	6597854.95	194.9602
L22_106	5739536.12	6597847.71	194.9531
L22_107	5739525.46	6597837.67	194.9501
L22_110	5739542.99	6597879.79	195.1614
L22_111	5739553.24	6597933.02	195.0213
L22_112	5739545.33	6597920.27	195.01
L22_113	5739539.66	6597911.14	195.0192
L22_114	5739537.41	6597907.53	195.013
L22_115	5739535.17	6597903.92	195.0754
L22_116	5739529.5	6597894.79	195.0425
L22_117	5739521.59	6597882.05	194.9885
L22_118	5739533.94	6597926.48	194.9295
L22_120	5739529.91	6597959.49	194.4938
L22_121	5739544.61	6598005.89	194.6733
L22_122	5739536.18	6597992.13	194.477
L22_123	5739530.59	6597982.95	194.4114
L22_124	5739528.38	6597979.32	194.4639
L22_125	5739526.17	6597975.69	194.3916
L22_126	5739520.58	6597966.51	194.3775
L22_127	5739512.78	6597953.7	194.3119
L22_133	5739531.6	6598006.2	194.5735
L22_134	5739527.35	6598006.33	194.591
L22_135	5739523.11	6598006.49	194.5777
L22_136	5739511.17	6598006.88	194.5722
L22_137	5739496.18	6598007.38	194.4904
L22_140	5739527.46	6598030.48	194.6628
L22_148	5739514.362	6598057.836	195.0435
L22_149	5739528.865	6598059.101	195.2732
L22_150	5739515.151	6598065.923	194.7227
L22_151	5739529.436	6598066.091	194.9631
L22_152	5739515.519	6598081.457	194.2866
L22_153	5739530.821	6598080.776	194.4122
L22_154	5739534.682	6598110.137	194.7309
L22_155	5739530.446	6598110.343	194.6638
L22_156	5739520.536	6598110.629	194.5502
L22_157	5739505.04	6598111.028	194.4061
L23_001	5739706.804	6598815.98	201.2903
L23_002	5739700.331	6598814.805	201.2588
L23_003	5739691.971	6598813.27	201.1391
L23_004	5739683.612	6598811.713	201.0588
L23_005	5739677.541	6598808.356	201.0014
L23_006	5739677.218	6598810.56	201.019
L23_007	5739670.973	6598809.413	200.9566
L23_008	5739662.464	6598807.85	200.9534
L23_009	5739654.104	6598806.315	200.5928
L23_010	5739647.712	6598805.141	200.5595
L23_011	5739709.29	6598831.45	201.3881
L23_012	5739694.53	6598834.76	201.3213
L23_013	5739690.45	6598832.81	201.322
L23_014	5739691.59	6598837.75	201.2172
L23_015	5739684.89	6598836.89	201.0201
L23_016	5739676.57	6598838.68	200.9969
L23_017	5739672.44	6598836.59	201.257
L23_018	5739673.25	6598841.47	200.7631
L23_019	5739670.13	6598839.99	200.8977
L23_020	5739664.01	6598841.18	200.7719
L23_021	5739655.5	6598842.87	200.4562
L23_022	5739651.4	6598840.93	200.4629
L23_023	5739651.632	6598846.455	200.256
L23_024	5739640.76	6598846.03	200.1655
L23_025	5739631.19	6598848.07	199.7982
L23_026	5739673.58	6598832.98	200.9399
L23_027	5739700.62	6598884.41	201.8033
L23_028	5739688.82	6598886.04	201.4785
L23_029	5739675.58	6598887.89	201.3239
L23_030	5739666.91	6598889.07	201.0434
L23_031	5739660.81	6598890.17	200.856
L23_032	5739654.47	6598891.02	200.6938
L23_033	5739645.95	6598892.39	200.5531
L23_034	5739633.68	6598894.04	200.378
L23_035	5739621.01	6598895.35	200.1849
L23_036	5739662.89	6598881.86	200.8896
L23_037	5739686.43	6598928.96	202.0968
L23_038	5739675.67	6598929.97	202.6055
L23_039	5739661.77	6598931.87	201.3238
L23_040	5739653.58	6598933.06	200.9401
L23_041	5739647.32	6598933.9	200.8134
L23_042	5739640.98	6598934.81	200.7161
L23_043	5739632.51	6598936.05	200.6219
L23_045	5739609.889	6598938.541	200.0776
L23_046	5739669.536	6598972.001	201.7162
L23_047	5739659.847	6598973.652	201.4727
L23_048	5739645.135	6598976.126	201.1745
L23_049	5739636.396	6598977.409	201.0452
L23_050	5739629.721	6598978.256	201.0723
L23_051	5739624.027	6598979.108	201.0331
L23_052	5739615.372	6598980.378	201.1441
L23_053	5739605.017	6598983.378	200.453
L23_054	5739590.608	6598985.215	201.3141
L23_055	5739648.642	6599017.103	201.5162
L23_056	5739639.082	6599018.565	201.3972
L23_057	5739624.361	6599021.004	201.2365
L23_058	5739615.747	6599022.154	201.0566
L23_058A	5739612.14	6599030.38	201.1104
L23_058B	5739607.93	6599038.33	201.2536
L23_059	5739609.104	6599023.067	201.0356
L23_060	5739603.632	6599023.844	201.1086
L23_061	5739594.724	6599026.551	199.9386
L23_062	5739585.877	6599027.971	200.2406
L23_063	5739569.461	6599030.061	201.3296
L23_064	5739601.864	6598996.433	200.1095
L23_065	5739599.146	6599000.9	200.1777
L23_066	5739596.772	6599005.1	200.3806
L23_067	5739617.72	6599007.85	200.821
L23_068	5739615.28	6599012.22	200.9189
L23_070	5739631.97	6599028.08	201.2475
L23_071	5739627.92	6599031.02	201.2998
L23_072	5739586.593	6599067.448	201.9508
L23_073	5739625.074	6599063.575	201.798
L23_074	5739615.484	6599065.079	201.8563
L23_075	5739599.911	6599067.485	201.9357
L23_076	5739591.523	6599068.717	201.8837
L23_076A	5739597.15	6599057.51	201.5553
L23_076B	5739585.93	6599075.89	201.9765
L23_076C	5739578.16	6599087.8	202.0275
L23_076D	5739572.47	6599096.15	202.0385
L23_077	5739584.764	6599069.532	201.9423
L23_078	5739579.035	6599070.627	201.7505
L23_079	5739570.288	6599071.94	201.4397
L23_080	5739555.773	6599074.489	201.0167
L23_081	5739545.744	6599076.113	200.8557
L23_082	5739575.532	6599151.405	203.5058
L23_083	5739569.891	6599145.008	203.2567
L23_084	5739560.25	6599133.465	202.7063
L23_085	5739555.798	6599127.955	202.3937
L23_085A	5739566.02	6599105.27	202.1328
L23_085B	5739560.07	6599113.37	202.0154
L23_086	5739550.714	6599121.261	202.0106
L23_087	5739548.998	6599115.028	201.74
L23_088	5739541.944	6599109.647	201.3487
L23_089	5739533.067	6599097.429	200.7127
L23_090	5739525.333	6599089.206	200.2773
L23_092	5739535.651	6599186.474	202.4853
L23_093	5739524.509	6599176.61	201.7821
L23_094	5739517.489	6599170.913	201.1431
L23_095	5739512.727	6599166.866	200.7183
L23_096	5739508.032	6599162.597	200.4131
L23_097	5739501.65	6599157.022	199.8861
L23_098	5739491.687	6599154.933	199.2317
L23_099	5739488.122	6599154.167	199.04
L23_100	5739493.613	6599175.878	199.584
L23_101	5739488.718	6599175.026	199.4936
L23_102	5739482.34	6599173.378	199.148
L23_103	5739472.608	6599171.559	199.3004
L23_104	5739468.105	6599170.504	199.5667
L23_105	5739496.105	6599185.289	200.2097
L23_106	5739470.187	6599183.784	199.4246
L23_107	5739469.664	6599189.18	199.5
L23_108	5739489.726	6599198.842	199.7554
L23_109	5739484.385	6599197.804	199.6649
L23_110	5739478.421	6599196.64	199.3742
L23_111	5739499.846	6599224.623	201.1423
L23_112	5739489.529	6599214.325	200.2926
L23_113	5739483.126	6599207.776	199.7157
L23_114	5739476.698	6599205.487	199.4747
L23_115	5739474.365	6599198.766	199.4728
L23_116	5739468.951	6599193.605	199.548
L23_117	5739457.558	6599182.058	199.5412
L23_118	5739490.545	6599232.907	200.7352
L23_119	5739485.508	6599232.532	200.3753
L23_120	5739481.635	6599232.199	199.8547
L23_121	5739482.994	6599223.05	199.7391
L23_122	5739479.607	6599222.329	199.768
L23_123	5739474.373	6599217.425	199.5689
L23_124	5739468.455	6599210.446	199.6364
L23_125	5739463.785	6599235.441	199.7946
L23_126	5739456.379	6599237.267	200.1724
L23_127	5739448.935	6599239.436	200.4495
L23_128	5739441.513	6599240.891	200.6704
L23_129	5739435.297	6599241.68	200.8535
L23_130	5739426.919	6599242.802	201.0616
L23_131	5739411.964	6599244.526	201.45
L23_132	5739426.395	6599249.94	200.7786
L23_133	5739439.945	6599256.065	200.6481
L23_134	5739429.058	6599257.53	200.9511
L23_135	5739420.225	6599258.542	201.1842
L23_136	5739413.933	6599259.462	201.282
L23_137	5739407.615	6599260.118	201.4508
L23_138	5739398.961	6599261.209	201.6688
L23_139	5739378.993	6599263.921	202.0524
L23_140	5739377.194	6599278.169	201.9963
L23_141	5739376.661	6599282.182	202.174
L23_142	5739375.898	6599288.358	202.0926
L23_143	5739375.642	6599291.886	202.2234
L23_144	5739374.029	6599302.623	202.0143
L23_145	5739372.061	6599317.098	201.8888
L23_146	5739381.677	6599284.419	202.0151
L23_147	5739369.607	6599292.36	202.2693
L23_148	5739380.802	6599289.712	202.06
L23_149	5739370.873	6599288.064	202.1982
L23_150	5739371.012	6599268.019	202.2726
L23_151	5739366.152	6599269.191	202.3585
L23_152	5739361.338	6599270.28	202.476
L23_153	5739353.506	6599305.854	202.6031
L23_154	5739354.072	6599310.828	202.5575
L23_155	5739354.732	6599315.938	202.5123
L23_156	5739339.961	6599290.719	203.0044
L23_157	5739341.016	6599296.933	202.8394
L23_158	5739342.37	6599305.171	202.8274
L23_159	5739343.466	6599311.695	202.7479
L23_160	5739344.503	6599317.933	202.7124
L23_161	5739345.725	6599325.34	202.643
L23_162	5739347.311	6599339.095	202.4046
L23_163	5739340.23	6599339.365	202.6357
L23_164	5739335.337	6599340.258	202.6949
L23_165	5739331.229	6599340.865	202.9288
L23_166	5739326.139	6599309.139	203.0525
L23_167	5739327.253	6599316.558	202.9029
L23_168	5739328.285	6599322.577	202.8711
L23_169	5739329.596	6599328.919	202.7576
L23_170	5739330.768	6599337.468	202.9595
L23_171	5739334.239	6599358.892	202.834
L23_172	5739320.227	6599292.723	203.1943
L23_173	5739323.43	6599312.605	202.9656
L23_174	5739324.447	6599318.847	202.8745
L23_175	5739325.832	6599327.47	202.7313
L23_176	5739326.584	6599331.73	203.0255
L23_177	5739327.928	6599339.988	202.9529
L23_178	5739331.483	6599361.466	202.8466
L23_179	5739298.907	6599316.208	202.9486
L23_180	5739302.346	6599320.128	203.0152
L23_181	5739306.827	6599326.217	202.8799
L23_182	5739305.106	6599339.613	202.8585
L23_183	5739273.787	6599324.674	203.669
L23_184	5739277.806	6599344.306	203.1512
L23_185	5739278.96	6599351.765	202.9898
L23_186	5739280.154	6599359.172	202.8742
L23_187	5739280.942	6599364.21	202.8052
L23_188	5739282.148	6599371.679	202.6862
L23_189	5739284.029	6599384.606	202.4868
L23_190	5739280.419	6599385.147	202.6175
L23_191	5739276.16	6599385.647	202.4302
L23_192	5739269.064	6599386.805	202.5014
L23_193	5739260.435	6599343.829	203.1011
L23_194	5739262.001	6599352.466	203.0081
L23_195	5739263.762	6599363.11	202.8478
L23_196	5739264.698	6599368.879	202.8371
L23_197	5739265.892	6599375.521	202.7258
L23_199	5739269.159	6599401.249	202.3193
L23_200	5739248.979	6599385.343	202.5447
L23_201	5739249.813	6599390.049	202.4283
L23_202	5739250.662	6599394.476	202.3446
L23_203	5739230.448	6599388.595	202.5413
L23_204	5739231.083	6599393.137	202.45
L23_205	5739231.805	6599397.816	202.3655
L23_206	5739214.058	6599381.519	202.6866
L23_207	5739214.954	6599388.722	202.576
L23_208	5739216.557	6599396.646	202.4509
L23_209	5739217.596	6599402.857	202.3356
L23_209A	5739221.261	6599400.404	202.3547
L23_210	5739218.614	6599409.162	202.2362
L23_211	5739220.078	6599417.667	202.0894
L23_212	5739221.367	6599425.417	201.9604
L23_232	5739380.65	6599249.11	202.0822
L23_233	5739379.98	6599255.89	201.9015
L23_234	5739377.9	6599272.86	201.9626
L23_235	5739374.7	6599298.06	202.056
L23_236	5739373.32	6599309.09	201.9512
L23_237	5739371.28	6599325.32	201.9689
L23_238	5739193.47	6599410.88	202.3874
L23_239	5739197.79	6599415.37	202.3484
L23_240	5739204.33	6599419.9	202.1538
L23_241	5739182.98	6599420.66	202.3456
L23_242	5739184.72	6599426.49	202.2557
L23_243	5739185.86	6599433.14	202.0679
L23_244	5739172.08	6599428.33	202.1803
L23_245	5739173.44	6599434.97	202.0282
L23_246	5739175.14	6599441.09	201.8318
L23_247	5739164.14	6599433.98	202.0698
L23_248	5739165.5	6599438.83	201.9812
L23_249	5739168	6599447.03	201.7536
L23_250	5739137.47	6599430.17	202.9417
L23_251	5739143.34	6599438.27	202.399
L23_252	5739148.33	6599445.15	202.2036
L23_253	5739152.14	6599450.41	202.1266
L23_254	5739155.95	6599455.68	202.0285
L23_255	5739160.94	6599462.56	201.9176
L23_256	5739166.81	6599470.66	201.857
L23_257	5738946.03	6599555.41	204.5254
L23_258	5738961.92	6599564.1	204.3195
L23_259	5738958.48	6599566.23	204.2368
L23_260	5738953.33	6599569.71	204.3017
L23_261	5738960.1	6599582.65	204.1066
L23_262	5738971.89	6599582.87	204.0806
L23_263	5738968.49	6599585.16	203.9739
L23_264	5738963.24	6599588.74	203.9839
L23_265	5738965.4	6599592.87	203.9747
L23_266	5738980.79	6599600.27	203.7717
L23_267	5738976.97	6599601.87	203.7045
L23_268	5738971.29	6599604.04	203.742
L23_269	5738979.09	6599618.96	203.5218
L23_K1	5739671.324	6598809.78	200.959
L23_K10	5739685.097	6598813.123	201.0777
L23_K11	5739684.455	6598815.478	201.066
L23_K12	5739682.691	6598817.526	201.022
L23_K13	5739680.221	6598818.433	200.9793
L23_K14	5739677.701	6598818.795	200.9645
L23_K15	5739675.45	6598818.795	200.9556
L23_K16	5739673.058	6598818.205	200.9464
L23_K17	5739671.134	6598815.989	200.9435
L23_K18	5739670.61	6598813.124	200.9566
L23_K19	5739670.255	6598810.373	200.9546
L23_K2	5739672.324	6598811.882	200.9851
L23_K20	5739678.127	6598805.295	201.2361
L23_K21	5739674.516	6598805.183	201.2321
L23_K3	5739673.888	6598813.381	200.9916
L23_K4	5739676.033	6598813.929	200.9963
L23_K5	5739678.197	6598814.038	200.9996
L23_K6	5739680.275	6598813.686	201.0166
L23_K7	5739682.146	6598813.206	201.0373
L23_K8	5739683.798	6598809.827	201.0553
L23_K9	5739685.31	6598810.523	201.0808
L23_os14	5739544.92	6599132.89	202.0406
L23_os16	5739540.88	6599137.86	202.0077
L23_os17	5739538.85	6599140.33	201.8775
L23_os18	5739536.81	6599142.8	201.784
L23_os19	5739534.75	6599145.25	201.5445
L23_os20	5739530.158	6599146.042	201.4341
L23_os21	5739528.091	6599148.806	201.4028
L23_os22	5739526.156	6599150.969	201.3001
L23_os23	5739524.286	6599153.21	201.1973
L23_os24	5739522.553	6599155.637	201.1802
L23_os25	5739520.232	6599157.863	201.048
L23_os26	5739517.949	6599160.902	200.9156
L23_os27	5739515.701	6599163.478	200.7844
L23_os28	5739511.366	6599168.52	200.7078
L23_os29	5739509.263	6599170.781	200.699
L23_os30	5739507.368	6599172.927	200.6877
L23_os31	5739505.348	6599175.166	200.5944
L23_os32	5739503.515	6599177.491	200.488
L23_os33	5739501.547	6599179.729	200.3888
L23_os34	5739499.426	6599181.821	200.2912
L23_os35	5739494.149	6599187.505	200.0366
L23_os36	5739492.115	6599189.502	199.8828
LE0520_01R	5738896.18	6599689.42	205.0872
LE0520_02R	5738886.5	6599673.75	205.2642
LE0520_03R	5738882.97	6599671.99	205.2017
LE0520_04R	5738873.2	6599676.87	205.3657
LE0570_01B	5738883.346	6599639.378	209.052
LE0570_01M1	5738883.352	6599639.443	213.017
LE0570_01M2	5738883.386	6599639.52	216.41
LE0570_01R	5738883.66	6599639.75	205.39
LE0570_02B	5738894.559	6599658.049	209.112
LE0570_02M1	5738894.553	6599658.085	212.896
LE0570_02M2	5738894.522	6599658.077	216.461
LE0570_02R	5738894.52	6599657.93	205.296
LE0570_02T	5738894.556	6599657.915	221.132
LE0570_03B	5738909.106	6599651.14	208.884
LE0570_03M1	5738909.124	6599651.118	213.68
LE0570_03M2	5738909.133	6599651.113	217.665
LE0570_03R	5738908.71	6599651.15	205.3465
LE0570_03T	5738909.113	6599651.118	221.208
LE0570_04B	5738905.083	6599646.75	208.799
LE0570_04M1	5738905.092	6599646.809	213.443
LE0570_04M2	5738905.076	6599646.82	217.24
LE0570_04R	5738904.8	6599646.61	205.5737
LE0570_04T	5738905.072	6599646.852	220.75
LE0570_05B	5738899.23	6599636.764	208.921
LE0570_05M1	5738899.193	6599636.785	216.223
LE0570_05M2	5738899.176	6599636.771	219.714
LE0570_05R	5738899.15	6599636.44	205.4876
LE0570_05T	5738899.173	6599636.701	222.722
LE0571_01B	5738909.333	6599633.054	209.435
LE0571_01M1	5738909.329	6599633.079	213.3
LE0571_01M2	5738909.311	6599633.079	216.853
LE0571_01R	5738909.51	6599632.78	205.6555
LE0571_01T	5738909.314	6599633.073	220.321
LE0571_02B	5738917.118	6599629.006	209.39
LE0571_02M1	5738917.128	6599629.061	213.296
LE0571_02M2	5738917.105	6599629.056	216.922
LE0571_02R	5738920.32	6599627.25	205.4828
LE0571_02T	5738917.099	6599629.055	220.441
LE0571_03B	5738934.56	6599621.384	209.315
LE0571_03M1	5738934.491	6599621.413	213.292
LE0571_03M2	5738934.482	6599621.423	217.214
LE0571_03R	5738934.59	6599621.27	205.485
LE0571_03T	5738934.505	6599621.399	220.238
LE0590_01B	5738874.134	6599608.461	209.736
LE0590_01M1	5738874.218	6599608.576	213.409
LE0590_01M2	5738874.216	6599608.612	216.789
LE0590_01R	5738874.18	6599608.71	205.9145
LE0590_01T	5738874.221	6599608.598	220.038
LE0590_02B	5738872.526	6599620.907	209.636
LE0590_02M1	5738872.628	6599620.935	213.553
LE0590_02M2	5738872.612	6599620.933	216.911
LE0590_02R	5738872.56	6599620.72	205.8951
LE0590_02T	5738872.627	6599620.942	220.275
LE0590_03B	5738878.675	6599631.504	209.682
LE0590_03M1	5738878.818	6599631.519	212.985
LE0590_03M2	5738878.814	6599631.526	216.333
LE0590_03R	5738878.74	6599631.54	205.645
LE0590_03T	5738878.824	6599631.528	221.36
LE0590_04B	5738886.273	6599610.466	210.93
LE0590_04M1	5738886.265	6599610.549	214.054
LE0590_04M2	5738886.273	6599610.535	217.291
LE0590_04R	5738886.43	6599610.32	205.7762
LE0590_04T	5738886.276	6599610.516	220.481
LE0590_05B	5738885.178	6599620.579	211.039
LE0590_05M1	5738885.196	6599620.604	214.175
LE0590_05M2	5738885.177	6599620.566	217.449
LE0590_05R	5738885.41	6599618.86	205.7823
LE0590_05T	5738885.217	6599620.641	220.615
LE0590_06B	5738889.249	6599627.601	210.988
LE0590_06M1	5738889.249	6599627.586	214.061
LE0590_06M2	5738889.26	6599627.609	217.399
LE0590_06R	5738889.31	6599627.48	205.7724
LE0590_06T	5738889.303	6599627.677	220.544
LE0591_01B	5738909.333	6599617.551	209.525
LE0591_01M1	5738909.433	6599617.546	213.403
LE0591_01M2	5738909.455	6599617.537	217.277
LE0591_01R	5738909.37	6599617.6	205.7032
LE0591_01T	5738909.442	6599617.564	220.699
LE0591_02B	5738919.983	6599611.983	209.757
LE0591_02M1	5738919.932	6599612.044	213.679
LE0591_02M2	5738919.927	6599612.075	217.271
LE0591_02R	5738920.04	6599612.17	205.7586
LE0591_02T	5738919.885	6599612.123	220.901
LE0591_03B	5738929.463	6599605.714	209.773
LE0591_03M1	5738929.49	6599605.713	213.815
LE0591_03M2	5738929.539	6599605.7	217.294
LE0591_03R	5738929.76	6599605.66	205.872
LE0591_03T	5738929.655	6599605.829	221.361
LE0592_02B	5738920.363	6599603.86	210.007
LE0592_02M1	5738920.39	6599603.722	214.224
LE0592_02M2	5738920.373	6599603.674	217.457
LE0592_02R	5738920.53	6599603.88	205.8487
LE0592_02T	5738920.429	6599603.782	222.17
LK15_N_001	5740117.413	6597321.093	198.871
LK15_N_002	5740119.946	6597326.759	198.848
LK15_N_003	5740090.055	6597333.649	198.71
LK15_N_004	5740092.475	6597339.347	198.684
LK15_N_005	5740062.611	6597346.204	198.544
LK15_N_006	5740065.069	6597351.899	198.52
LK15_N_007	5740035.179	6597358.764	198.381
LK15_N_008	5740037.661	6597364.43	198.358
LK15_N_009	5740008.35	6597371.106	198.229
LK15_N_010	5740010.763	6597376.775	198.198
LK15_N_011	5739980.844	6597383.677	198.066
LK15_N_012	5739983.328	6597389.316	198.039
LK15_N_013	5739953.489	6597396.199	197.898
LK15_N_014	5739955.903	6597401.872	197.873
LK15_N_015	5739926.574	6597408.511	197.736
LK15_N_016	5739929.107	6597414.125	197.716
LK15_N_017	5739899.117	6597421.107	197.573
LK15_N_018	5739901.847	6597426.637	197.551
LK15_N_019	5739871.749	6597433.613	197.409
LK15_N_020	5739874.432	6597439.171	197.386
LK15_N_021	5739826.258	6597454.417	197.135
LK15_N_022	5739828.973	6597459.976	197.118
LK15_N_023	5739799.35	6597466.75	196.982
LK15_N_024	5739801.723	6597472.463	196.962
LK15_N_025	5739771.41	6597479.585	196.864
LK15_N_026	5739773.84	6597485.25	196.843
LK15_N_027	5739740.687	6597493.668	196.823
LK15_N_028	5739743.239	6597499.269	196.801
LK15_N_029	5739695.678	6597514.132	196.789
LK15_N_030	5739698.305	6597519.837	196.782
LK15_N_059	5740172.894	6597305.597	199.27
LK15_N_060	5740193.774	6597296.039	199.268
LK15_S_031	5739047.603	6597811.501	197.254
LK15_S_032	5739049.652	6597816.659	197.254
LK15_S_033	5739002.296	6597832.244	197.48
LK15_S_034	5739004.661	6597837.26	197.475
LK15_S_035	5738974.828	6597844.809	197.616
LK15_S_036	5738977.205	6597849.819	197.609
LK15_S_037	5738948.462	6597856.755	197.743
LK15_S_038	5738950.816	6597861.824	197.731
LK15_S_039	5738920.312	6597869.267	197.877
LK15_S_040	5738922.726	6597874.268	197.871
LK15_S_041	5738873.32	6597889.618	198.103
LK15_S_042	5738875.62	6597894.665	198.101
LK15_S_043	5738846.172	6597901.242	198.238
LK15_S_044	5738848.449	6597906.256	198.234
LK15_S_045	5738817.926	6597913.379	198.373
LK15_S_046	5738820.219	6597918.459	198.364
LK15_S_047	5738790.304	6597925.458	198.516
LK15_S_048	5738792.618	6597930.511	198.503
LK15_S_049	5738763.356	6597937.454	198.647
LK15_S_050	5738765.603	6597942.577	198.633
LK15_S_051	5738735.921	6597949.922	198.779
LK15_S_052	5738738.134	6597955.065	198.768
LK15_S_053	5738708.517	6597962.544	198.911
LK15_S_054	5738710.951	6597967.572	198.903
LK15_S_055	5738681.108	6597975.175	199.043
LK15_S_056	5738683.564	6597980.181	199.03
LK15_S_057	5738654.257	6597987.536	199.173
LK15_S_058	5738656.762	6597992.54	199.163
MA0140_01B	5738598.322	6599844.824	211.993
MA0140_01R	5738598.22	6599844.87	209.0159
MA0140_02B	5738583.121	6599847.139	212.099
MA0140_02R	5738583.49	6599847.01	209.1521
MA0141_01B	5738610.303	6599856.544	213.17
MA0141_01R	5738610.12	6599856.5	208.8682
MA0141_02B	5738595.415	6599858.82	213.151
MA0141_02R	5738594.62	6599858.87	208.9013
MA0141_03B	5738581.183	6599861.045	213.153
MA0141_03R	5738583.17	6599860.59	209.0885
MA0141_04B	5738571.267	6599862.593	213.174
MA0141_04R	5738571.31	6599862.36	209.109
MA0141_05B	5738573.989	6599855.184	212.391
MA0141_05R	5738573.55	6599855.09	209.136
MA0141_06B	5738574.183	6599854.446	211.452
MA0141_06R	5738582.56	6599852.54	208.8123
MA0141_07B	5738591.966	6599851.683	211.467
MA0141_07R	5738591.91	6599851.69	208.7411
MA0141_08B	5738608.96	6599850.27	211.033
MA0141_08R	5738609.26	6599849.73	208.5104
MA0142_01B	5738569.363	6599847.051	212.022
MA0142_01R	5738569.24	6599846.97	209.1575
MA0143_01B	5738568.745	6599854.669	212.087
MA0143_01R	5738568.62	6599854.4	209.1927
MA0143_02B	5738562.327	6599856.767	213.71
MA0143_02R	5738561.93	6599853.88	210.1053
MA0160_01B	5738620.809	6599805.926	212.516
MA0160_01M1	5738620.795	6599805.874	216.56
MA0160_01M2	5738620.789	6599805.848	220.725
MA0160_01R	5738620.78	6599805.76	208.5122
MA0160_01T	5738620.86	6599805.934	224.733
MA0160_02B	5738621.97	6599815.12	212.81
MA0160_02M1	5738621.97	6599815.147	216.21
MA0160_02M2	5738622.018	6599815.334	220.649
MA0160_02R	5738622.09	6599815.65	208.4758
MA0160_02T	5738622.03	6599815.287	224.621
MA0160_03B	5738624.035	6599829.532	213.425
MA0160_03M1	5738624.071	6599829.558	217.924
MA0160_03M2	5738624.085	6599829.579	221.589
MA0160_03R	5738623.86	6599829.44	208.405
MA0160_03T	5738623.991	6599829.591	225.533
MA0160_04B	5738610.41	6599831.561	213.464
MA0160_04M1	5738610.338	6599831.603	217.95
MA0160_04M2	5738610.388	6599831.618	221.693
MA0160_04R	5738610.37	6599831.49	209.0906
MA0160_04T	5738610.449	6599831.69	226.027
MA0160_05B	5738597.472	6599833.44	213.837
MA0160_05M1	5738597.536	6599833.435	218.025
MA0160_05M2	5738597.064	6599833.476	221.783
MA0160_05R	5738597.21	6599833.45	209.259
MA0160_05T	5738597.063	6599833.461	226.135
MA0160_06B	5738582.255	6599835.801	216.557
MA0160_06M1	5738582.195	6599835.812	220.912
MA0160_06M2	5738582.218	6599835.824	224.614
MA0160_06T	5738582.306	6599835.813	228.562
MA0160_07B	5738606.233	6599815.204	212.388
MA0160_07M1	5738606.284	6599815.214	216.431
MA0160_07M2	5738606.297	6599815.27	220.338
MA0160_07R	5738606.29	6599815.35	208.6383
MA0160_07T	5738606.297	6599815.326	224.078
MA0160_08B	5738608.613	6599823.774	212.325
MA0160_08M1	5738608.655	6599823.656	216.367
MA0160_08M2	5738608.691	6599823.786	220.138
MA0160_08R	5738608.65	6599823.93	208.6254
MA0160_08T	5738608.683	6599823.633	223.798
MA0160_09B	5738593.638	6599826.9	212.25
MA0160_09M1	5738593.649	6599826.898	216.386
MA0160_09M2	5738593.687	6599826.911	220.06
MA0160_09R	5738593.57	6599826.92	208.6575
MA0160_09T	5738593.848	6599826.922	223.796
MA0160_10B	5738581.575	6599828.766	212.314
MA0160_10M1	5738581.491	6599828.801	216.307
MA0160_10M2	5738581.558	6599828.805	220.102
MA0160_10R	5738581.73	6599828.68	208.8069
MA0160_10T	5738581.593	6599828.817	223.767
MA0180_01R	5738618.19	6599792.14	208.5692
MA0190_01B	5738660.254	6599848.792	212.878
MA0190_01M1	5738660.336	6599848.752	217.862
MA0190_01M2	5738660.378	6599848.722	221.732
MA0190_01T	5738660.285	6599848.747	225.343
MA0190_02B	5738644.682	6599851.205	213.007
MA0190_02M1	5738644.719	6599851.34	217.443
MA0190_02M2	5738644.712	6599851.333	221.06
MA0190_02R	5738644.56	6599851.05	208.7571
MA0190_02T	5738644.706	6599851.28	224.434
MA0190_03B	5738642.324	6599836.588	213.022
MA0190_03M1	5738642.399	6599836.839	217.23
MA0190_03M2	5738642.383	6599836.779	221.008
MA0190_03R	5738642.35	6599836.82	208.8135
MA0190_03T	5738642.408	6599836.842	224.337
MA0190_04B	5738640.416	6599825.745	213.057
MA0190_04M1	5738640.427	6599825.798	217.208
MA0190_04M2	5738640.428	6599825.793	220.917
MA0190_04R	5738640.46	6599825.95	208.9016
MA0190_04T	5738640.428	6599825.839	224.292
MA0190_05B	5738659.324	6599829.195	213.01
MA0190_05M1	5738659.433	6599829.14	217.549
MA0190_05M2	5738659.429	6599829.148	221.172
MA0190_05R	5738659.27	6599829.25	208.8157
MA0190_05T	5738659.42	6599829.162	224.466
MA0190_06B	5738676.221	6599826.685	213.068
MA0190_06M1	5738676.073	6599826.687	217.35
MA0190_06M2	5738676.02	6599826.68	221.047
MA0190_06R	5738676.42	6599826.7	208.7023
MA0190_06T	5738676.031	6599826.665	224.677
MA0190_07B	5738685.849	6599825.262	213.061
MA0190_07M1	5738685.904	6599825.245	217.394
MA0190_07M2	5738685.905	6599825.246	221.158
MA0190_07R	5738686.33	6599825.2	208.778
MA0190_07T	5738685.789	6599825.253	224.754
MA0190_08B	5738689.165	6599836.57	213.311
MA0190_08M1	5738689.167	6599836.536	217.425
MA0190_08M2	5738689.229	6599836.504	221.393
MA0190_08R	5738689.7	6599836.59	209.0357
MA0190_08T	5738689.21	6599836.521	224.644
MA0190_09B	5738678.061	6599838.525	213.298
MA0190_09M1	5738678.038	6599838.538	217.525
MA0190_09M2	5738678.042	6599838.561	221.348
MA0190_09R	5738678.4	6599838.47	208.9987
MA0190_09T	5738678.037	6599838.581	224.743
MA0190_10B	5738661.386	6599841.393	213.264
MA0190_10M1	5738661.31	6599841.443	217.405
MA0190_10M2	5738661.332	6599841.457	221.124
MA0190_10R	5738661.12	6599841.34	209.012
MA0190_10T	5738661.33	6599841.499	224.567
MA0210_01B	5738638.63	6599814.19	212.808
MA0210_01M1	5738638.718	6599814.187	216.905
MA0210_01M2	5738638.748	6599814.173	220.563
MA0210_01R	5738638.74	6599814.38	208.5171
MA0210_01T	5738638.756	6599814.18	224.081
MA0210_02B	5738636.728	6599803.219	212.776
MA0210_02M1	5738636.831	6599803.253	216.979
MA0210_02M2	5738636.869	6599803.267	220.499
MA0210_02R	5738636.73	6599803.02	208.5647
MA0210_02T	5738636.915	6599803.303	224.089
MA0210_03B	5738657.598	6599806.624	212.459
MA0210_03M1	5738657.621	6599806.608	216.39
MA0210_03M2	5738657.654	6599806.609	219.797
MA0210_03R	5738657.69	6599806.62	208.4758
MA0210_03T	5738657.654	6599806.606	223.231
MA0210_04B	5738670.166	6599804.994	212.444
MA0210_04M1	5738670.178	6599804.963	216.362
MA0210_04M2	5738670.186	6599804.92	220.026
MA0210_04R	5738670.08	6599804.72	208.4274
MA0210_04T	5738670.201	6599804.866	223.234
MA0210_05B	5738681.69	6599803.279	212.323
MA0210_05M1	5738681.843	6599803.213	216.569
MA0210_05M2	5738681.802	6599803.183	220.068
MA0210_05R	5738681.82	6599802.95	208.6451
MA0210_05T	5738681.692	6599803.156	223.236
MA0210_06B	5738683.167	6599812.127	212.353
MA0210_06M1	5738683.283	6599812.112	216.433
MA0210_06M2	5738683.291	6599812.136	220.184
MA0210_06R	5738683.37	6599812.33	208.5832
MA0210_06T	5738683.243	6599812.168	223.322
MA0210_07B	5738671.879	6599813.673	212.406
MA0210_07M1	5738671.875	6599813.678	216.325
MA0210_07M2	5738671.881	6599813.704	220.122
MA0210_07R	5738671.3	6599814.02	208.4067
MA0210_07T	5738671.824	6599813.749	223.217
MA0210_08B	5738659.086	6599815.79	212.537
MA0210_08M1	5738659.114	6599815.799	216.47
MA0210_08M2	5738659.137	6599815.816	220.154
MA0210_08R	5738659.09	6599815.82	208.3926
MA0210_08T	5738659.162	6599815.824	223.129
MA0210_09B	5738681.885	6599800.279	212.532
MA0210_09M1	5738681.908	6599800.298	216.696
MA0210_09M2	5738681.885	6599800.309	221.05
MA0210_09T	5738681.824	6599800.293	225.253
MA0210_10B	5738684.907	6599818.956	213.247
MA0210_10M1	5738684.896	6599818.984	218.431
MA0210_10M2	5738684.913	6599818.98	222.762
MA0210_10R	5738684.99	6599818.7	208.0376
MA0210_10T	5738684.874	6599819.024	226.935
MA0230_01B	5738635.173	6599792.117	212.683
MA0230_01M1	5738635.193	6599792.142	216.544
MA0230_01M2	5738635.214	6599792.23	219.455
MA0230_01R	5738635.1	6599791.78	208.5671
MA0230_01T	5738635.188	6599792.109	223.031
MA0230_02B	5738633.295	6599781.802	212.692
MA0230_02M1	5738633.299	6599781.803	216.593
MA0230_02M2	5738633.306	6599781.841	220.317
MA0230_02R	5738633.21	6599781.74	208.8103
MA0230_02T	5738633.311	6599781.828	222.941
MA0230_03B	5738647.338	6599781.221	212.923
MA0230_03M1	5738647.366	6599781.278	216.142
MA0230_03M2	5738647.391	6599781.387	219.881
MA0230_03R	5738647.33	6599781.37	208.8788
MA0230_03T	5738647.355	6599781.327	223.411
MA0230_04B	5738675.138	6599790.506	212.983
MA0230_04M1	5738675.093	6599790.496	216.709
MA0230_04M2	5738675.074	6599790.49	220.206
MA0230_04R	5738674.3	6599790.79	208.8576
MA0230_04T	5738674.924	6599790.524	223.676
MA0230_05B	5738668.024	6599790.691	212.8
MA0230_05M1	5738668.027	6599790.681	216.296
MA0230_05M2	5738668.087	6599790.655	220.267
MA0230_05R	5738668.15	6599790.76	208.8294
MA0230_05T	5738667.99	6599790.666	223.501
MA0230_06B	5738659.58	6599791.953	212.814
MA0230_06M1	5738659.552	6599791.938	216.415
MA0230_06M2	5738659.62	6599791.916	220.038
MA0230_06R	5738659.09	6599792.28	208.7559
MA0230_06T	5738659.603	6599791.91	223.648
MA0230_07B	5738649.561	6599795.439	212.865
MA0230_07M1	5738649.538	6599795.32	216.234
MA0230_07M2	5738649.568	6599795.256	219.99
MA0230_07R	5738649.15	6599792.92	208.7961
MA0230_07T	5738649.556	6599795.224	223.412
MA0250_01B	5738672.912	6599771.526	211.779
MA0250_01R	5738671.45	6599772.14	209.048
MA0250_01T	5738673.002	6599771.518	213.508
MA0250_02B	5738660.472	6599773.248	211.653
MA0250_02R	5738656.23	6599774.19	209.043
MA0250_02T	5738660.453	6599773.266	213.492
MI0171_01R	5739041.45	6599628.67	203.9612
MI0171_02R	5739031.07	6599634.52	203.8615
MI0171_03R	5739020.23	6599631.99	203.8712
MI0190_01R	5739017.38	6599628.68	203.7881
MI0190_02R	5739007.83	6599613.11	203.8134
MI0190_03R	5738994.99	6599619.81	203.7855
MI0190_04R	5739005	6599639.24	203.507
MI0210_01R	5738984.154	6599599.486	204.0047
MI0210_02B	5738989.823	6599609.882	207.046
MI0210_02MZ	5738989.841	6599609.839	212.05
MI0210_02R	5738989.412	6599609.06	203.7918
MI0210_02T	5738989.873	6599609.824	217.387
MI0210_03B	5738994.435	6599618.946	207.174
MI0210_03MZ	5738994.284	6599618.653	211.97
MI0210_03R	5738994.22	6599618.437	203.8025
MI0210_03T	5738994.3	6599618.686	217.399
MI0210_04B	5738999.683	6599595.115	208.104
MI0210_04MZ	5738999.659	6599595.08	212.906
MI0210_04R	5738999.453	6599597.617	204.0139
MI0210_04T	5738999.625	6599595.109	217.647
MI0210_05B	5739001.906	6599602.187	208.153
MI0210_05MZ	5739001.817	6599602.031	213.056
MI0210_05R	5739002.131	6599602.832	203.7971
MI0210_05T	5739001.921	6599602.236	217.924
MI0210_06B	5739004.915	6599608.047	208.149
MI0210_06MZ	5739004.962	6599608.051	212.86
MI0210_06R	5739004.537	6599607.518	203.8069
MI0210_06T	5739004.963	6599608.021	217.936
MI0211_01B	5739017.378	6599581.78	210.446
MI0211_01R	5739017.297	6599582.256	205.208
MI0211_02B	5739023.966	6599595.566	211.121
MI0211_02R	5739024.002	6599594.861	205.1591
MI0211_03B	5739011.231	6599585.029	206.331
MI0211_03R	5739011.62	6599585.03	204.2852
MI0211_03T	5739011.151	6599584.862	208.204
MI0211_04B	5739015.525	6599593.159	206.325
MI0211_04R	5739015.63	6599592.79	204.1913
MI0211_04T	5739015.498	6599593.138	208.44
MI0211_05R	5739021.76	6599597.19	204.1401
MI0212_01R	5739013.04	6599609.7	203.9732
MI0212_02B	5739018.091	6599600.836	206.023
MI0212_02R	5739014.98	6599602.51	203.8505
MI0212_02T	5739018.137	6599600.797	208.492
MI0212_03R	5739022.49	6599598.58	203.883
MI0213_01R	5739010.56	6599610.959	204.0112
MI0213_02B	5739010.386	6599604.849	208.619
MI0213_02R	5739008.401	6599606.86	203.8536
MI0230_01B	5738983.625	6599598.454	207.336
MI0230_01MZ	5738983.615	6599598.389	213.236
MI0230_01R	5738983.42	6599598.1	204.1999
MI0230_01T	5738983.605	6599598.383	217.459
MI0230_02B	5738973.389	6599579.034	207.308
MI0230_02MZ	5738973.406	6599578.967	213.309
MI0230_02R	5738973.44	6599578.67	204.4437
MI0230_02T	5738973.408	6599579	217.533
MI0230_03B	5738988.561	6599576.511	208.339
MI0230_03MZ	5738988.559	6599576.541	213.09
MI0230_03R	5738988.947	6599577.216	204.4991
MI0230_03T	5738988.601	6599576.573	218.798
MI0230_04B	5738994.698	6599588.151	208.318
MI0230_04MZ	5738994.655	6599588.1	213.36
MI0230_04R	5738994.665	6599588.264	204.4211
MI0230_04T	5738994.652	6599588.158	219.133
MI0230_05B	5738980.459	6599592.165	207.306
MI0230_05MZ	5738980.683	6599592.509	213.109
MI0230_05R	5738978.69	6599588.55	204.2932
MI0230_05T	5738980.701	6599592.502	217.455
MI0231_01B	5739006.551	6599561.458	211.427
MI0231_01MZ	5739006.535	6599561.431	215.878
MI0231_01R	5739006.556	6599561.823	206.1442
MI0231_01T	5739006.576	6599561.465	219.856
MI0231_02B	5739009.365	6599566.659	211.649
MI0231_02MZ	5739009.194	6599566.308	216.004
MI0231_02R	5739009.004	6599566.541	206.1106
MI0231_02T	5739009.329	6599566.535	219.571
MI0231_03B	5738992.776	6599575.528	208.486
MI0231_03MZ	5738992.79	6599575.558	212.411
MI0231_03R	5738994.901	6599574.347	204.4517
MI0231_03T	5738992.828	6599575.585	219.239
MI0231_04T	5738988.644	6599570.406	219.763
MI0231_04T	5738988.644	6599570.407	219.762
MI0231_04T	5738988.644	6599570.407	219.762
MI0250_01R	5738982.97	6599565.55	204.7157
MI0250_02B	5738973.726	6599562.637	207.983
MI0250_02R	5738973.97	6599563.24	204.6617
MI0250_03B	5738966.753	6599566.073	207.363
MI0250_03R	5738966.9	6599565.98	204.5872
MI0250_04B	5738973.004	6599577.852	207.744
MI0250_04R	5738972.67	6599577.16	204.4212
MI0251_01R	5738979.13	6599555.96	204.911
MI0251_02R	5738976.93	6599550.47	205.206
MI0251_03B	5738965.756	6599563.002	207.469
MI0251_03R	5738965.91	6599562.83	204.6625
MI0252_01B	5738995.726	6599541.008	211.744
MI0252_01MZ	5738995.724	6599540.976	213.806
MI0252_01R	5738995.705	6599541.449	206.4028
MI0252_01T	5738995.734	6599540.942	216.331
MI0252_02B	5738998.693	6599546.564	211.743
MI0252_02MZ	5738998.704	6599546.581	214.012
MI0252_02R	5738998.46	6599546.592	206.2502
MI0252_02T	5738998.7	6599546.601	216.11
MI0252_03B	5738989.491	6599551.873	208.016
MI0252_03MZ	5738989.459	6599551.849	211.616
MI0252_03R	5738990.15	6599551.41	204.8737
MI0252_03T	5738989.452	6599551.828	214.766
MI0252_04B	5738981.031	6599556.264	208.114
MI0252_04MZ	5738980.583	6599556.097	213.334
MI0252_04R	5738981.25	6599556.05	204.8432
MI0252_04T	5738980.636	6599556.16	216.292
MI0252_05B	5738977.898	6599549.963	208.367
MI0252_05MZ	5738977.631	6599550.113	211.29
MI0252_05R	5738977.91	6599549.99	205.2058
MI0252_05T	5738977.614	6599550.109	214.987
MI0252_06B	5738983.684	6599546.977	208.448
MI0252_06MZ	5738984.613	6599546.466	211.861
MI0252_06R	5738984.01	6599546.83	205.2507
MI0252_06T	5738986.168	6599545.616	216.062
MI0253_01R	5739000.675	6599550.73	206.1191
MI0253_02R	5738997.53	6599552.78	204.7919
MI0254_01B	5739003.315	6599555.318	211.281
MI0254_01R	5739003.535	6599556.083	206.0186
MI0254_01T	5739003.366	6599555.536	215.777
MI0254_02B	5738985.626	6599564.136	208.095
MI0254_02R	5738985.59	6599564.21	204.7556
MI0254_02T	5738985.483	6599564.279	214.502
MI0260_01B	5738952.269	6599608.309	207.216
MI0260_01M1	5738952.231	6599608.269	211.876
MI0260_01M2	5738952.232	6599608.255	215.636
MI0260_01R	5738951.75	6599607.44	204.2945
MI0260_01T	5738952.227	6599608.183	221.446
MI0260_02B	5738957.208	6599615.883	207.193
MI0260_02R	5738957.37	6599616.03	204.1634
MI0260_03B	5738961.884	6599626.902	207.222
MI0260_03M1	5738961.97	6599627.098	211.282
MI0260_03M2	5738961.952	6599627.082	214.942
MI0260_03R	5738961.95	6599627.18	204.4215
MI0260_03T	5738962.068	6599627.311	221.805
MI0260_04B	5738975.73	6599619.484	207.045
MI0260_04M1	5738975.916	6599619.934	211.927
MI0260_04M2	5738975.917	6599619.953	215.219
MI0260_04R	5738975.41	6599619.06	203.8504
MI0260_04T	5738975.835	6599619.831	221.327
MI0260_05B	5738971.458	6599611.316	207.06
MI0260_05M1	5738971.362	6599611.246	211.913
MI0260_05M2	5738971.336	6599611.216	215.401
MI0260_05R	5738970.65	6599609.97	203.917
MI0260_05T	5738971.324	6599611.199	220.227
MI0260_06B	5738965.729	6599600.333	207.155
MI0260_06M1	5738965.602	6599600.197	211.581
MI0260_06M2	5738965.583	6599600.137	215.179
MI0260_06R	5738965.6	6599600.33	204.0934
MI0260_06T	5738965.586	6599600.138	218.989
MI0261_01B	5738949.006	6599629.439	206.382
MI0261_01R	5738950.38	6599632.27	204.5086
MI0261_02B	5738943.824	6599618.49	206.44
MI0261_02R	5738944.33	6599619.49	204.4218
MI0261_03B	5738938.672	6599620.833	206.38
MI0261_03R	5738939.02	6599620.65	204.7209
MI0261_04B	5738937.733	6599620.846	207.362
MI0261_04R	5738938.96	6599623.19	205.3175
MI0261_05B	5738945.386	6599635.416	207.429
MI0261_05R	5738945.26	6599634.92	205.3036
MI0270_01B	5738962.24	6599557.075	207.562
MI0270_01MZ	5738962.358	6599557.32	211.896
MI0270_01R	5738962.09	6599556.68	204.9206
MI0270_01T	5738962.407	6599557.402	215.253
MI0270_02B	5738958.131	6599549.082	207.558
MI0270_02MZ	5738958.231	6599549.299	211.895
MI0270_02R	5738958.44	6599549.5	205.5698
MI0270_02T	5738958.259	6599549.307	215.409
MI0270_03B	5738952.142	6599537.633	207.6
MI0270_03MZ	5738952.221	6599537.84	211.987
MI0270_03R	5738952.75	6599536.92	205.396
MI0270_03T	5738952.159	6599537.74	215.24
MI0270_04B	5738965.925	6599530.011	208.021
MI0270_04MZ	5738965.881	6599530.016	212.247
MI0270_04R	5738965.78	6599530.17	205.9621
MI0270_04T	5738965.87	6599530.034	216.192
MI0270_05B	5738967.455	6599535.069	208.242
MI0270_05MZ	5738967.512	6599534.882	211.646
MI0270_05R	5738967.44	6599535.1	205.144
MI0270_05T	5738967.488	6599534.825	214.716
MI0270_06B	5738975.389	6599550.884	208.449
MI0270_06MZ	5738975.342	6599550.826	211.65
MI0270_06R	5738973.97	6599548.29	205.238
MI0270_06T	5738975.249	6599550.685	214.955
MI0271_01B	5738982.374	6599526.767	207.304
MI0271_01R	5738982.12	6599526.84	205.3668
MI0271_03B	5738974.51	6599530.871	207.138
MI0271_03R	5738974.12	6599530.63	205.3608
MI0273_01R	5738992.651	6599535.655	206.3127
MI0273_02R	5738982.14	6599540.81	205.2172
MI0280_01B	5738944.212	6599591.125	207.922
MI0280_01M1	5738944.224	6599591.036	212.291
MI0280_01M2	5738944.231	6599591.023	215.835
MI0280_01R	5738944.33	6599590.86	204.5947
MI0280_01T	5738944.248	6599591.035	218.826
MI0280_02B	5738960.283	6599589.808	207.457
MI0280_02M1	5738960.253	6599589.739	211.966
MI0280_02M2	5738960.268	6599589.735	215.659
MI0280_02R	5738959.97	6599589.63	204.3025
MI0280_02T	5738960.282	6599589.755	218.944
MI0280_03B	5738955.097	6599579.917	207.433
MI0280_03M1	5738955.072	6599579.798	212.07
MI0280_03M2	5738955.097	6599579.787	215.663
MI0280_03R	5738954.75	6599579.63	204.556
MI0280_03T	5738955.052	6599579.734	218.952
MI0281_01B	5738931.107	6599567.798	208.195
MI0281_01M1	5738931.111	6599567.793	211.953
MI0281_01M2	5738931.139	6599567.875	215.997
MI0281_01R	5738930.58	6599566.24	204.9557
MI0281_01T	5738931.142	6599567.904	218.84
MI0281_02B	5738937.299	6599578.463	208.214
MI0281_02M1	5738937.347	6599578.551	212.185
MI0281_02M2	5738937.345	6599578.563	215.77
MI0281_02R	5738939.55	6599582.09	205.0051
MI0281_02T	5738937.322	6599578.545	219.087
MI0281_03B	5738949.528	6599569.19	207.652
MI0281_03M1	5738949.484	6599569.093	211.203
MI0281_03M2	5738949.491	6599569.096	214.916
MI0281_03R	5738949.33	6599569.3	204.5818
MI0281_03T	5738949.497	6599569.088	218.318
MI0281_04B	5738944.336	6599559.298	207.68
MI0281_04M1	5738944.376	6599559.318	212.129
MI0281_04M2	5738944.375	6599559.292	215.677
MI0281_04R	5738944.1	6599559.33	204.8729
MI0281_04T	5738944.398	6599559.344	219.122
MI0282_01B	5738941.78	6599593.275	207.819
MI0282_01M1	5738942.005	6599593.146	212.23
MI0282_01M2	5738941.999	6599593.132	215.835
MI0282_01R	5738940.49	6599593.66	204.6644
MI0282_01T	5738941.951	6599593.131	218.989
MI0282_02B	5738930.031	6599599.326	208.051
MI0282_02M1	5738930.041	6599599.345	212.048
MI0282_02M2	5738930.1	6599599.328	215.726
MI0282_02R	5738927.66	6599600.34	204.859
MI0282_02T	5738930	6599599.37	218.982
MI0282_03B	5738925.334	6599587.34	208.036
MI0282_03M1	5738925.391	6599587.323	212.357
MI0282_03M2	5738925.382	6599587.33	215.785
MI0282_03R	5738921.93	6599589.37	204.9952
MI0282_03T	5738925.351	6599587.347	219.089
MI0282_04B	5738936.588	6599581.836	208.152
MI0282_04M1	5738936.732	6599581.9	212.235
MI0282_04M2	5738936.702	6599581.884	215.642
MI0282_04R	5738934.05	6599583.07	204.9496
MI0282_04T	5738936.629	6599581.849	219.015
MI0290_01B	5738983.396	6599517.744	210.791
MI0290_01MZ	5738983.364	6599517.637	213.833
MI0290_01R	5738981.298	6599514.287	206.5911
MI0290_01T	5738983.408	6599517.8	217.391
MI0290_02R	5738984.216	6599519.79	206.5002
MI0290_03R	5738964.09	6599522.66	205.7926
MI0290_04R	5738966.74	6599528.88	206.0555
MI0291_01R	5738951.05	6599518.81	205.5052
MI0292_01R	5738976.562	6599505.355	206.427
MI0292_02R	5738959.25	6599515.52	205.6795
MI0292_03R	5738954.54	6599510.05	206.0156
MI0311_01R	5738966.755	6599486.962	206.6227
MI0311_02R	5738973.137	6599498.761	206.4812
MI0311_03R	5738958.38	6599485.65	206.2065
MI0311_04R	5738967.38	6599502.22	206.2323
ODO_020_01R	5739639.451	6598842.975	200.5101
ODO_020_02R	5739635.87	6598826.987	200.7395
ODO_33R	5739728.409	6598578.461	201.362
ODO_34R	5739730.567	6598592.193	201.5382
ODO_HV_01	5739640.625	6598599.601	201.4183
ODO_HV_02	5739640.314	6598602.038	201.3679
ODO_HV_03	5739637.895	6598601.749	201.3593
ODO_HV_04	5739637.988	6598599.141	201.1202
OG0280_01R	5739068.19	6599588.02	203.644
OG0280_02R	5739075.83	6599602.59	203.4236
OG0280_03R	5739057.38	6599612.21	203.6829
OG0280_04R	5739049.13	6599596.37	203.8134
OG0281_01R	5739089.24	6599574.75	203.5519
OG0281_02R	5739099.11	6599594.55	203.3102
OG0281_03R	5739091.68	6599593.76	202.9764
OG0281_04R	5739083.96	6599577.42	203.4808
OG0282_01R	5739090.545	6599561.803	203.7264
OG0282_02R	5739107.795	6599595.214	203.3914
OG0282_04R	5739084.603	6599564.996	204.0141
OG0283_01R	5739104.614	6599554.75	204.2702
OG0283_02R	5739115.598	6599576.067	203.6112
OG0283_04R	5739099.239	6599557.553	203.7135
OG0284_01R	5739025.675	6599596.012	205.1814
OG0284_02R	5739030.875	6599593.169	204.9691
OG0286_01R	5739044.92	6599619.83	203.4121
OG0340_01R	5739154.08	6599528.54	203.0031
OG0340_02R	5739157.28	6599535.42	202.7658
OG0340_03R	5739136.25	6599563.17	202.8188
OG0340_04R	5739126.8	6599543.35	204.1714
OG0340_05R	5739136.84	6599537.15	203.9554
P1.D	5739733.886	6598545.104	208.567
P1.G	5739733.84	6598545.346	218.725
P10.D	5739730.05	6598722.633	210.024
P10.G	5739730.05	6598722.633	220.039
P2.D	5739733.654	6598555.297	208.573
P2.G	5739733.646	6598555.302	218.803
P3.D	5739732.969	6598587.052	208.953
P3.G	5739732.964	6598587.272	219.175
P4.D	5739732.782	6598597.061	209.034
P4.G	5739732.772	6598597.346	219.215
P5.D	5739732.127	6598629.141	209.519
P5.G	5739732.127	6598628.874	219.587
P6.D	5739731.913	6598639.101	209.612
P6.G	5739731.864	6598639.033	219.524
P7.D	5739731.256	6598670.85	210.025
P7.G	5739731.289	6598670.75	219.925
P8.D	5739731.082	6598680.757	209.918
P8.G	5739731.046	6598680.89	219.94
P9.D	5739730.352	6598712.634	210.134
P9.G	5739783.953	6598527.952	220.052
PK.Odo_1	5739667.403	6598782.519	199.514
PK.Odo_2	5739656.553	6598588.941	199.496
PK21.1	5739785.992	6597533.318	195.037
PK21.2	5739794.214	6597518.228	195.047
PK21.2_B	5739794.214	6597518.228	-3279140.216
PK21.3	5739813.097	6597509.686	195.952
PK21.4	5739820.439	6597515.217	195.961
PK21.4_A	6597515.217	6597515.217	-8739665.302
PK21.4_B	6597515.217	6597515.217	-301655.6338
PK22.1	5739775.93	6597413.804	195.381
PK22.1A	5739775.93	6597413.804	-8740336.046
PK22.2	5739750.816	6597436.424	195.386
PK22.2A	5739750.816	6597436.424	-8741019.837
PK22.2B	5739750.816	6597436.424	-255888.6601
PK22.3	5739715.596	6597454.286	193.768
PK22.4	5739718.858	6597442.851	193.781
PK22.4B	5739718.858	6597442.851	-476409.3004
PK22.5	5739744.736	6597427.623	195.375
PK22.6	5739768.666	6597406.117	195.366
PK22.6B	5739768.666	6597406.117	-278248.1066
POL_PK01	5739150.924	6599474.039	203.055
POL_PK02	5739119.97	6599488.06	203.298
POL_PK03	5739064.925	6599527.79	203.412
POL_PK04	5739038.854	6599551.652	203.414
POL_PK05	5739014.845	6599539.795	203.519
POL_PK06	5739020.908	6599526.172	203.405
POL_PK07	5739050.665	6599509.337	203.42
POL_PK08	5739087.682	6599482.943	203.307
POL_PK09	5739130.985	6599442.585	203.053
POL_PK10	5739120.084	6599459.534	202.32
PR0420_01B	5738725.372	6599814.293	212.199
PR0420_01MZ	5738725.315	6599814.306	217.162
PR0420_01R	5738725.41	6599814.29	207.4285
PR0420_01T	5738725.296	6599814.235	221.21
PR0420_02B	5738721.864	6599794.035	212.079
PR0420_02MZ	5738721.828	6599794.095	217.152
PR0420_02R	5738721.75	6599793.96	207.8118
PR0420_02T	5738721.85	6599794.164	220.943
PR0420_03B	5738705.545	6599799.316	211.716
PR0420_03M1	5738705.569	6599799.436	216.802
PR0420_03R	5738705.6	6599799.48	207.6319
PR0420_03T	5738705.602	6599799.446	221.082
PR0420_04B	5738708.345	6599817.134	211.629
PR0420_04M1	5738708.374	6599817.177	216.911
PR0420_04R	5738708.21	6599817.07	207.5244
PR0420_04T	5738708.391	6599817.188	221.186
PR0430_01B	5738742.266	6599791.209	210.774
PR0430_01M1	5738742.245	6599791.256	214.647
PR0430_01M2	5738742.217	6599791.216	217.22
PR0430_01R	5738743.03	6599791.11	207.3212
PR0430_01T	5738742.999	6599790.984	220.921
PR0430_02B	5738740.945	6599778.696	210.931
PR0430_02M1	5738740.942	6599778.672	214.413
PR0430_02M2	5738740.931	6599778.611	217.978
PR0430_02R	5738741.54	6599781.99	207.2775
PR0430_02T	5738740.91	6599778.559	220.884
PR0430_03B	5738754.453	6599773.868	211.015
PR0430_03M1	5738754.427	6599773.851	214.208
PR0430_03M2	5738754.399	6599773.772	217.839
PR0430_03R	5738754.66	6599774.75	207.2253
PR0430_03T	5738754.394	6599773.776	221.392
PR0430_04B	5738755.534	6599780.533	211.01
PR0430_04M1	5738755.518	6599780.489	214.313
PR0430_04M2	5738755.497	6599780.502	217.965
PR0430_04R	5738756.6	6599786.83	207.2856
PR0430_04T	5738755.487	6599780.471	221.576
PR0440_01B	5738726.243	6599792.253	211.552
PR0440_01M1	5738726.237	6599792.213	214.576
PR0440_01M2	5738726.244	6599792.216	218.341
PR0440_01R	5738726.19	6599792.43	207.4036
PR0440_01T	5738726.231	6599792.182	220.961
PR0440_02B	5738724.074	6599780.184	212.2
PR0440_02M1	5738724.081	6599780.285	215.075
PR0440_02M2	5738724.124	6599780.281	219.07
PR0440_02R	5738724.14	6599779.79	207.3178
PR0440_02T	5738724.154	6599780.359	222.083
PR0440_03R	5738722.596	6599770.356	207.2974
PR0440_04B	5738709.627	6599777.661	211.657
PR0440_04M1	5738709.687	6599777.684	215.278
PR0440_04M2	5738709.714	6599777.669	219.082
PR0440_04R	5738709.52	6599777.84	207.7097
PR0440_04T	5738709.538	6599777.436	222.786
PR0440_05B	5738696.055	6599782.553	211.694
PR0440_05M1	5738696.09	6599782.523	215.352
PR0440_05M2	5738696.181	6599782.491	219.045
PR0440_05R	5738696.12	6599782.57	207.7721
PR0440_05T	5738696.245	6599782.442	223.293
PR0440_06B	5738684.689	6599783.841	211.878
PR0440_06M1	5738684.694	6599783.857	215.383
PR0440_06M2	5738684.703	6599783.84	219.478
PR0440_06R	5738684.39	6599783.89	207.8375
PR0440_06T	5738684.696	6599783.85	223.219
PR0440_07B	5738685.915	6599791.57	211.617
PR0440_07M1	5738685.911	6599791.582	215.342
PR0440_07M2	5738685.924	6599791.56	219.274
PR0440_07R	5738685.6	6599791.7	207.8028
PR0440_07T	5738685.911	6599791.58	223.245
PR0440_08B	5738697.189	6599791.028	211.669
PR0440_08M1	5738697.122	6599791.028	215.51
PR0440_08M2	5738697.143	6599791.027	219.273
PR0440_08R	5738696.71	6599791.13	207.6526
PR0440_08T	5738697.106	6599791.076	222.737
PR0440_09B	5738711.502	6599788.88	211.603
PR0440_09M1	5738711.496	6599788.725	215.252
PR0440_09M2	5738711.49	6599788.692	219.227
PR0440_09R	5738711.42	6599789.17	207.5971
PR0440_09T	5738711.573	6599788.631	222.666
PR0450_01B	5738753.327	6599766.26	209.916
PR0450_01M1	5738753.339	6599766.325	214.12
PR0450_01M2	5738753.341	6599766.334	217.859
PR0450_01R	5738753.12	6599766.44	206.9595
PR0450_01T	5738753.337	6599766.34	221.571
PR0450_02B	5738751.341	6599754.629	209.919
PR0450_02M1	5738751.374	6599754.777	213.693
PR0450_02M2	5738751.375	6599754.764	217.335
PR0450_02R	5738751.09	6599754.72	206.9148
PR0450_02T	5738751.382	6599754.799	221.644
PR0450_03B	5738748.539	6599741.959	210.577
PR0450_03M1	5738748.553	6599741.944	214.756
PR0450_03M2	5738748.497	6599741.958	218.325
PR0450_03R	5738748.66	6599742.17	206.8457
PR0450_03T	5738748.438	6599741.947	221.062
PR0450_04B	5738735.636	6599746.931	209.963
PR0450_04M1	5738735.669	6599746.924	213.775
PR0450_04M2	5738735.666	6599746.88	217.36
PR0450_04R	5738735.67	6599746.28	207.03
PR0450_04T	5738735.68	6599746.967	221.028
PR0450_05B	5738736.531	6599752.73	210.581
PR0450_05M1	5738736.606	6599753.202	213.827
PR0450_05M2	5738736.62	6599753.249	217.457
PR0450_05R	5738736.65	6599753.05	207.1263
PR0450_05T	5738736.645	6599753.316	220.881
PR0450_06B	5738739.279	6599768.72	209.976
PR0450_06M1	5738739.297	6599768.713	213.805
PR0450_06R	5738739.39	6599768.84	207.1807
PR0450_06T	5738739.31	6599768.757	220.957
PR0460_01B	5738674.781	6599749.745	211.11
PR0460_01M1	5738674.795	6599749.691	216.092
PR0460_01M2	5738674.795	6599749.707	219.639
PR0460_01R	5738675.02	6599749.78	207.8493
PR0460_01T	5738674.797	6599749.701	222.788
PR0460_02B	5738686.963	6599748.462	211.122
PR0460_02M1	5738687.002	6599748.421	215.987
PR0460_02M2	5738686.989	6599748.419	219.527
PR0460_02R	5738689.95	6599748.03	207.6931
PR0460_02T	5738686.974	6599748.476	222.84
PR0460_03B	5738703.694	6599746.483	211.136
PR0460_03M1	5738703.704	6599746.443	215.627
PR0460_03M2	5738703.694	6599746.424	219.077
PR0460_03R	5738705.07	6599746.13	207.4769
PR0460_03T	5738703.725	6599746.43	222.865
PR0460_04B	5738718.434	6599746.251	212.071
PR0460_04M1	5738718.336	6599746.195	215.782
PR0460_04M2	5738718.378	6599746.204	219.044
PR0460_04R	5738718.3	6599746.25	207.2794
PR0460_04T	5738718.37	6599746.209	222.547
PR0460_05B	5738720.522	6599757.863	212.261
PR0460_05M1	5738720.512	6599757.831	216.062
PR0460_05M2	5738720.49	6599757.867	219.504
PR0460_05R	5738720.07	6599755.91	207.3217
PR0460_05T	5738720.468	6599757.85	222.182
PR0460_06B	5738700.464	6599759.146	211.811
PR0460_06M1	5738700.508	6599759.144	215.686
PR0460_06M2	5738700.515	6599759.148	219.414
PR0460_06R	5738702.96	6599757.84	207.788
PR0460_06T	5738700.505	6599759.145	222.874
PR0460_07B	5738704.569	6599766.383	211.808
PR0460_07M1	5738704.513	6599766.386	215.647
PR0460_07M2	5738704.36	6599766.411	219.513
PR0460_07R	5738705.05	6599766.58	207.8449
PR0460_07T	5738704.374	6599766.405	222.676
PR0460_08B	5738696.906	6599767.698	211.629
PR0460_08M1	5738696.779	6599767.688	215.638
PR0460_08M2	5738696.919	6599767.651	219.312
PR0460_08R	5738699.87	6599766.77	207.8248
PR0460_08T	5738696.879	6599767.698	222.725
PR0460_09B	5738681.732	6599770.156	211.386
PR0460_09M1	5738681.739	6599770.138	215.733
PR0460_09M2	5738681.745	6599770.097	219.57
PR0460_09R	5738682.46	6599771.29	207.8256
PR0460_09T	5738681.685	6599770.132	222.805
PR0460_10B	5738681.952	6599756.755	211.582
PR0460_10M1	5738682.034	6599756.721	215.675
PR0460_10M2	5738682.074	6599756.691	219.365
PR0460_10R	5738681.99	6599756.73	207.8492
PR0460_10T	5738682.101	6599756.677	222.775
PR0460_11B	5738690.613	6599755.805	211.546
PR0460_11M1	5738690.591	6599755.791	215.53
PR0460_11M2	5738690.611	6599755.791	219.421
PR0460_11R	5738690.66	6599755.76	207.5881
PR0460_11T	5738690.61	6599755.782	222.887
PR0460_12B	5738693.203	6599759.309	211.42
PR0460_12M1	5738693.223	6599759.293	215.626
PR0460_12M2	5738693.261	6599759.26	219.393
PR0460_12R	5738693.12	6599759.22	207.9171
PR0460_12T	5738693.278	6599759.249	222.839
PR0460_13B	5738722.515	6599769.112	211.933
PR0460_13M1	5738722.533	6599769.119	216.031
PR0460_13M2	5738722.538	6599769.132	219.35
PR0460_13R	5738722.37	6599768.91	207.2545
PR0460_13T	5738722.534	6599769.127	222.163
RP57	5739635.87	6598826.987	200.7812
RP72	5739003.79	6597956.91	195.7479
RP73	5738988.44	6597959.01	195.7959
RP74	5738964.5	6597973.32	196.0637
RP75	5738970.79	6597987.97	196.0113
RP76	5739009.93	6597971.46	195.8611
ST011_01R	5739701.78	6598582.5	201.5083
ST011_02R	5739705.14	6598600.79	201.5374
ST011_03R	5739697.95	6598605.81	201.316
ST011_04R	5739695.29	6598589.73	201.115
STO_005_01R	5739626.762	6598607.321	199.8858
STO_005_02R	5739624.189	6598595.352	199.7711
STO_005_03R	5739601.549	6598599.295	199.2673
STO_005_04R	5739603.379	6598611.346	200.2037
STO_013_01R	5739725.218	6598578.213	201.3276
STO_013_02R	5739726.361	6598584.66	201.4645
STO_013_03R	5739713.711	6598590.92	201.9544
STO_013_04R	5739718.888	6598597.405	201.754
WI0320_01B	5738492.023	6600014.617	216.951
WI0320_01T	5738491.979	6600014.58	226.308
WI0320_02B	5738479.004	6600016.644	217.227
WI0320_02T	5738478.816	6600016.675	226.588
WI0330_01R	5738529.42	6599915.8	210.0203
WI0330_02R	5738532.92	6599937.63	209.8493
WI0330_03R	5738536.36	6599959.49	209.6598
WI0330_04B	5738549.913	6599928.872	213.839
WI0330_04M1	5738549.891	6599928.796	218.902
WI0330_04R	5738549.85	6599928.57	210.0113
WI0330_04T	5738549.886	6599928.818	224.486
WI0330_05B	5738549.877	6599942.354	213.37
WI0330_05M1	5738549.896	6599942.341	218.931
WI0330_05R	5738549.421	6599939.967	209.8156
WI0330_05T	5738549.886	6599942.324	224.111
WI0330_06B	5738563.233	6599939.946	213.978
WI0330_06M1	5738563.256	6599939.931	218.957
WI0330_06R	5738561.61	6599940.18	209.6788
WI0330_06T	5738563.18	6599939.919	224.147
WI0330_07B	5738575.172	6599937.803	214.14
WI0330_07M1	5738575.152	6599937.793	219.246
WI0330_07R	5738575.52	6599937.62	209.7703
WI0330_07T	5738575.162	6599937.79	224.138
WI0330_08B	5738571.844	6599916.496	212.138
WI0330_08R	5738571.96	6599916.52	210.0099
WI0330_09B	5738556.999	6599918.708	212.205
WI0330_09R	5738556.53	6599918.87	210.0201
WI0330_10R	5738570.85	6599909.77	209.7972
WI0330_11B	5738555.658	6599912.533	213.032
WI0330_11R	5738555.58	6599912.49	210.1304
WI0330_12B	5738547.479	6599913.659	213.981
WI0330_12M1	5738547.463	6599913.575	218.784
WI0330_12R	5738547.27	6599914	210.1315
WI0330_12T	5738547.468	6599913.655	224.237
WI0350_01B	5738543.563	6599903.012	216.106
WI0350_01M1	5738543.561	6599903.03	220.739
WI0350_01R	5738543.77	6599902.97	210.098
WI0350_01T	5738543.545	6599903.005	226.426
WI0350_02B	5738541.169	6599888.565	216.097
WI0350_02M1	5738541.158	6599888.567	220.976
WI0350_02R	5738541.4	6599888.32	210.1882
WI0350_02T	5738541.149	6599888.516	226.486
WI0350_03B	5738538.889	6599874.683	216.163
WI0350_03M1	5738538.861	6599874.64	221.155
WI0350_03R	5738539.1	6599874.69	210.1915
WI0350_03T	5738538.841	6599874.624	226.49
WI0350_04B	5738536.499	6599860.345	216.187
WI0350_04M1	5738536.491	6599860.336	221.072
WI0350_04R	5738536.67	6599860.12	210.1281
WI0350_04T	5738536.473	6599860.321	226.464
WI0350_05B	5738551.935	6599857.171	214.152
WI0350_05M1	5738551.971	6599857.173	219.346
WI0350_05R	5738552.07	6599857.35	210.1588
WI0350_05T	5738552.027	6599857.168	226.04
WI0350_06B	5738554.573	6599869.811	214.06
WI0350_06M1	5738554.586	6599869.865	219.535
WI0350_06R	5738554.37	6599869.7	210.1411
WI0350_06T	5738554.593	6599869.882	225.435
WI0350_07B	5738557.516	6599887.858	214.229
WI0350_07M1	5738557.511	6599887.89	220.007
WI0350_07R	5738557.3	6599888.3	210.1818
WI0350_07T	5738557.52	6599887.973	225.524
WI0350_08B	5738568.926	6599885.818	213.922
WI0350_08R	5738568.68	6599886.08	210.0739
WI0350_08T	5738568.909	6599885.822	216.865
WI0350_09B	5738577.975	6599884.222	214.045
WI0350_09R	5738576.74	6599884.73	210.2284
WI0350_09T	5738577.949	6599884.231	216.756
WI0350_10B	5738592.796	6599881.626	213.81
WI0350_10R	5738592.37	6599881.94	210.0931
WI0350_10T	5738592.753	6599881.644	216.748
WI0350_11B	5738594.379	6599894.717	213.292
WI0350_11R	5738594.47	6599894.38	209.3668
WI0350_11T	5738594.399	6599894.723	216.204
WI0350_12B	5738582.617	6599896.803	213.208
WI0350_12R	5738578.89	6599897.13	209.6584
WI0350_12T	5738582.581	6599896.807	216.169
WI0350_13B	5738570.933	6599898.854	213.482
WI0350_13R	5738570.98	6599898.5	209.7945
WI0350_13T	5738570.924	6599898.858	216.177
WI0350_14B	5738559.272	6599900.891	214.029
WI0350_14M1	5738559.227	6599900.907	219.682
WI0350_14R	5738559.11	6599900.59	209.8265
WI0350_14T	5738559.249	6599900.918	226.239
WI0360_01B	5738512.219	6599939.703	215.066
WI0360_01M1	5738512.244	6599940.334	220.716
WI0360_01R	5738512.4	6599940.15	209.9398
WI0360_01T	5738512.204	6599940.047	226.017
WI0360_02B	5738514.172	6599950.901	215.045
WI0360_02M1	5738515.642	6599950.529	220.71
WI0360_02R	5738514.24	6599950.75	209.7854
WI0360_02T	5738514.153	6599951.206	226.015
WI0360_03B	5738517.063	6599968.831	215.655
WI0360_03M1	5738516.957	6599968.801	220.682
WI0360_03R	5738517.07	6599968.92	209.7803
WI0360_03T	5738517.054	6599968.816	226.841
WI0360_04B	5738498.214	6599971.558	215.687
WI0360_04M1	5738498.228	6599971.502	220.726
WI0360_04R	5738497.84	6599971.73	209.9348
WI0360_04T	5738498.26	6599971.483	226.852
WI0360_05B	5738481.148	6599943.638	215.503
WI0360_05M	5738481.162	6599943.609	220.525
WI0360_05R	5738481.12	6599943.63	210.2792
WI0360_05T	5738481.17	6599943.608	226.146
WI0360_06B	5738483.128	6599943.22	215.516
WI0360_06M	5738483.07	6599943.19	220.542
WI0360_06R	5738483.21	6599943.19	210.2747
WI0360_06T	5738483.069	6599943.192	226.125
WI0360_07B	5738494.529	6599939.681	215.512
WI0360_07R	5738494.49	6599939.87	210.3029
WI0360_08B	5738493.94	6599946.941	215.507
WI0360_08R	5738493.88	6599946.91	210.215
WI0360_09B	5738494.446	6599950.104	215.517
WI0360_09R	5738494.45	6599950.16	210.1747
WI0360_10B	5738495.179	6599956.769	215.502
WI0360_10R	5738495.09	6599956.56	210.1572
WI0361_01B	5738489.34	6599973.091	214.033
WI0361_01M1	5738489.307	6599973.066	218.207
WI0361_01R	5738485.23	6599973.63	209.8661
WI0361_01T	5738489.285	6599973.017	221.764
WI0361_02B	5738476.908	6599974.704	214.082
WI0361_02M1	5738476.873	6599974.701	218.186
WI0361_02R	5738476.83	6599974.68	209.8853
WI0361_02T	5738476.859	6599974.645	221.79
WI0361_03B	5738475.592	6599946.058	214.248
WI0361_03M	5738475.613	6599946.052	218.646
WI0361_03R	5738475.83	6599946.11	210.4347
WI0361_03T	5738475.604	6599946.053	222.562
WI0361_04B	5738478.865	6599958.333	214.227
WI0361_04M	5738478.886	6599958.355	218.94
WI0361_04R	5738478.61	6599958.21	210.3354
WI0361_04T	5738478.941	6599958.394	222.284
WI0362_01B	5738477.46	6599938.203	215.51
WI0362_01R	5738477.35	6599937.97	210.3564
WI0362_02B	5738470.031	6599919.734	215.499
WI0362_02R	5738469.35	6599918.13	210.3462
WI0362_03BZ	5738476.98	6599913.64	215.674
WI0362_03TZ	5738477.055	6599913.852	224.196
WI0362_04BZ	5738481.192	6599924.086	215.8
WI0362_04TZ	5738481.241	6599924.236	224.28
WI0362_05BZ	5738485.101	6599933.81	215.574
WI0362_05TZ	5738485.064	6599933.778	224.155
WI0380_01B	5738508.286	6599917.526	214.364
WI0380_01M1	5738508.267	6599917.537	220.093
WI0380_01R	5738507.99	6599916.24	210.1948
WI0380_01T	5738508.309	6599917.603	224.644
WI0380_02B	5738510.388	6599929.528	214.368
WI0380_02M1	5738510.383	6599929.526	220.038
WI0380_02R	5738510.31	6599929.71	210.111
WI0380_02T	5738510.404	6599929.563	224.697
WI0380_03BZ	5738494.832	6599928.914	214.558
WI0380_03M1Z	5738494.834	6599928.824	220.011
WI0380_03R	5738494.84	6599928.49	210.2953
WI0380_03TZ	5738494.878	6599928.773	225.117
WI0380_04BZ	5738491.93	6599913.855	214.722
WI0380_04M1Z	5738491.925	6599913.855	219.841
WI0380_04R	5738492.2	6599913.9	210.177
WI0380_04TZ	5738491.994	6599913.815	225.084
WI0381_01BZ	5738495.219	6599931.176	212.125
WI0381_01R	5738494.02	6599931.07	210.0546
WI0381_02BZ	5738488.393	6599931.084	212.148
WI0381_02R	5738488.55	6599931.15	210.2026
WI0382_01BZ	5738485.431	6599926.463	212.505
WI0382_01R	5738485.49	6599926.73	210.3785
WI0382_02BZ	5738484.274	6599923.548	212.497
WI0382_02R	5738484.15	6599923.55	210.5302
WI0382_03BZ	5738485.305	6599922.704	212.541
WI0382_03R	5738485.32	6599922.96	210.5294
WI0383_01BZ	5738481.365	6599913.576	212.424
WI0383_01R	5738482.18	6599913.72	210.0939
WI0383_02BZ	5738487.841	6599913.415	211.632
WI0383_02R	5738487.65	6599913.33	209.9382
WI0390_01B	5738522.238	6599844.715	217.848
WI0390_01T	5738522.198	6599844.743	229.404
WI0390_02B	5738535.582	6599842.693	222.242
WI0390_02T	5738535.675	6599842.633	229.283
WI0390_03M1	5738561.587	6599838.941	220.942
WI0390_03M2	5738561.64	6599838.902	224.615
WI0390_03T	5738561.602	6599838.881	228.512
WI0390_04B	5738571.647	6599830.213	214.551
WI0390_04M1	5738571.625	6599830.205	218.799
WI0390_04M2	5738571.638	6599830.194	222.542
WI0390_04R	5738571.49	6599830.16	209.0444
WI0390_04T	5738571.674	6599830.212	226.147
WI0390_05B	5738563.728	6599831.38	214.389
WI0390_05M1	5738563.674	6599831.342	218.747
WI0390_05M2	5738563.756	6599831.303	222.485
WI0390_05R	5738563.63	6599831.29	209.1638
WI0390_05T	5738563.768	6599831.325	226.144
WI0390_06B	5738550.146	6599833.402	214.478
WI0390_06M1	5738550.169	6599833.37	218.773
WI0390_06M2	5738550.172	6599833.356	222.541
WI0390_06R	5738549.46	6599833.42	209.394
WI0390_06T	5738550.175	6599833.365	226.157
WI0400_01B	5738502.636	6599885.133	214.527
WI0400_01M1	5738502.611	6599885.071	220.09
WI0400_01R	5738502.57	6599884.9	210.3613
WI0400_01T	5738502.587	6599885.051	224.796
WI0400_02B	5738506.425	6599906.915	214.618
WI0400_02M1	5738506.432	6599906.875	220.208
WI0400_02R	5738506.35	6599907.03	210.3292
WI0400_02T	5738506.413	6599906.872	224.874
WI0400_03B	5738484.278	6599904.388	214.016
WI0400_03M	5738484.272	6599904.332	218.412
WI0400_03R	5738487.85	6599904.12	210.4093
WI0400_03T	5738484.269	6599904.358	222.501
WI0400_04B	5738474.349	6599906.355	214.425
WI0400_04M	5738474.622	6599906.311	218.922
WI0400_04R	5738474.4	6599906.43	210.5535
WI0400_04T	5738474.341	6599906.392	223.327
WL_SL_01	5739643.53	6598359.39	198.9756
WL_SL_02	5739643.94	6598361.14	199.0066
WL_SL_03	5739642.36	6598361.35	199.01
WL_SL_04	5739641.88	6598359.61	198.0914
WL0120_01R	5738440.38	6600205.57	210.7353
WL0120_02R	5738436.87	6600183.94	209.9986
WL0120_03R	5738449.66	6600181.99	210.0995
WL0142_01B	5738409.147	6600224.496	213.385
WL0142_01MZ	5738409.232	6600224.492	219.854
WL0142_01R	5738409.406	6600224.558	210.1187
WL0142_01T	5738409.289	6600224.439	224.94
WL0142_02MZ	5738384.123	6600228.667	219.695
WL0142_02R	5738384.692	6600228.592	209.2222
WL0142_02T	5738384.066	6600228.635	225.371
WL0142_03B	5738376.755	6600230.401	213.514
WL0142_03MZ	5738377.061	6600230.09	220.456
WL0142_03R	5738377.636	6600230.371	209.2478
WL0142_03T	5738377.012	6600230.073	225.58
WL0142_04B	5738377.755	6600243.046	213.421
WL0142_04MZ	5738377.765	6600243.034	219.444
WL0142_04R	5738377.759	6600243.44	208.9815
WL0142_04T	5738377.772	6600243.06	227.722
WL0142_05B	5738378.938	6600250.755	213.428
WL0142_05MZ	5738378.949	6600250.877	219.779
WL0142_05R	5738378.894	6600250.527	208.935
WL0142_05T	5738378.926	6600250.873	225.664
WL0142_06B	5738386.937	6600249.672	213.598
WL0142_06MZ	5738386.874	6600249.727	220.014
WL0142_06R	5738386.84	6600249.423	209.236
WL0142_06T	5738386.751	6600249.721	224.821
WL0142_07B	5738413.292	6600245.325	213.807
WL0142_07R	5738412.916	6600245.312	209.9957
WL0142_07T	5738413.379	6600245.321	219.214
WL0142_08R	5738434.57	6600241.75	209.8441
WL0142_09R	5738431.07	6600220.91	210.3043
WL0142_10R	5738429.22	6600215.09	209.9949
WL0142_11R	5738417.76	6600216.96	209.9909
WL0142_12R	5738403.64	6600219.26	209.9555
WL0142_13R	5738401.57	6600206.01	209.8707
WL0142_14R	5738415.76	6600203.68	210.0696
WL0142_15R	5738427.18	6600201.77	210.2654
WL0150_01R	5738419.14	6600098.1	211.1343
WL0150_02R	5738430.25	6600096.29	211.0995
WL0150_03R	5738440.78	6600095.38	211.1042
WL0150_04B	5738413.659	6600089.5	216.174
WL0150_04M1	5738413.627	6600089.488	220.004
WL0150_04R	5738413.84	6600089.62	210.9087
WL0150_04T	5738413.61	6600089.483	224.842
WL0150_05B	5738425.696	6600088.421	216.214
WL0150_05M1	5738425.824	6600088.401	219.872
WL0150_05R	5738424.76	6600088.65	210.9666
WL0150_05T	5738425.871	6600088.376	224.862
WL0150_06B	5738438.529	6600087.274	216.217
WL0150_06M1	5738438.446	6600087.281	219.839
WL0150_06R	5738439.52	6600087.29	210.8983
WL0150_06T	5738438.573	6600087.258	224.898
WL0170_01R	5738437.76	6600155.2	210.6369
WL0170_02R	5738444.33	6600170.17	210.6796
WL0170_03R	5738425.76	6600173.34	210.3102
WL0170_04R	5738420.81	6600163.27	210.3139
WL0171_01R	5738410.63	6600133.74	210.6198
WL0171_01T	5738410.402	6600133.643	215.301
WL0171_02R	5738416.46	6600145.66	210.5069
WL0171_02T	5738416.242	6600145.796	215.35
WL0171_03R	5738434.48	6600136.15	210.853
WL0171_03T	5738434.165	6600136.387	215.31
WL0171_04R	5738428.5	6600124.49	211.4119
WL0171_04T	5738428.353	6600124.52	215.377
WL0172_01R	5738412.29	6600099.46	210.9602
WL0172_02R	5738409.89	6600094.69	210.969
WL0172_03R	5738394.72	6600097.53	210.9751
WL0172_04R	5738402.92	6600114.62	211.0138
WL0172_05R	5738397.86	6600117.19	210.9853
WL0172_06B	5738385.833	6600092.299	214.12
WL0172_06R	5738385.77	6600092.28	210.459
WL0172_06T	5738385.866	6600092.296	218.121
WL0172_07B	5738398.321	6600090.134	214.003
WL0172_07R	5738397.98	6600090.13	210.5121
WL0172_07T	5738398.338	6600090.134	218.121
WL0172_08B	5738411.827	6600087.798	213.972
WL0172_08R	5738412.3	6600087.66	210.5991
WL0172_08T	5738411.788	6600087.798	218.102
WL0180_01B	5738325.448	6600207.128	215.526
WL0180_01MZ	5738325.421	6600207.122	219.66
WL0180_01R	5738325.41	6600207.12	208.6485
WL0180_01T	5738325.403	6600207.044	226.157
WL0180_02B	5738328.669	6600227.359	215.481
WL0180_02MZ	5738328.664	6600227.36	219.862
WL0180_02R	5738327.56	6600221.58	208.6959
WL0180_02T	5738328.667	6600227.425	226.475
WL0180_03B	5738330.51	6600238.027	215.472
WL0180_03MZ	5738330.516	6600238.08	219.921
WL0180_03R	5738330.24	6600237.22	208.6725
WL0180_03T	5738330.463	6600238.025	226.587
WL0180_04R	5738314.59	6600235.32	209.1365
WL0180_05R	5738313.91	6600224.45	209.1073
WL0180_06R	5738290.42	6600228.18	209.0957
WL0180_07R	5738287.13	6600244.48	208.7093
WL0180_08R	5738282.26	6600210.32	208.2884
WL0180_09R	5738293.86	6600208.64	208.3935
WL0180_10R	5738309.62	6600206.17	208.625
WL0180_11R	5738321.19	6600204.12	208.6288
WL0190_01B	5738401.157	6600140.424	213.32
WL0190_01R	5738399.14	6600136.13	210.1695
WL0190_01T	5738401.102	6600140.328	216.315
WL0190_02B	5738404.535	6600147.378	213.394
WL0190_02R	5738404.95	6600148.04	210.2617
WL0190_02T	5738404.585	6600147.522	216.336
WL0190_03B	5738410.795	6600160.172	213.559
WL0190_03R	5738410.81	6600160.22	210.1829
WL0190_03T	5738410.775	6600160.229	216.422
WL0190_04B	5738417.294	6600157.217	214.034
WL0190_04R	5738417.2	6600157.12	210.5374
WL0190_04T	5738417.057	6600156.945	220.334
WL0190_05B	5738412.907	6600148.211	214.354
WL0190_05R	5738411.62	6600145.64	210.6513
WL0190_05T	5738413.411	6600149.34	220.245
WL0190_06B	5738407.552	6600137.221	214.395
WL0190_06R	5738405.62	6600133.27	210.7598
WL0190_06T	5738407.549	6600137.226	219.3
WL0192_01B	5738380.434	6600103.893	213.521
WL0192_01MZ	5738380.537	6600103.847	217.12
WL0192_01R	5738380.34	6600103.88	210.385
WL0192_01T	5738380.49	6600103.787	220.163
WL0192_02B	5738369.624	6600109.103	213.385
WL0192_02MZ	5738369.836	6600109.057	217.09
WL0192_02R	5738369.63	6600109.04	210.3056
WL0192_02T	5738369.841	6600109.02	220.296
WL0192_04B	5738384.052	6600089.12	215.789
WL0192_04R	5738383.98	6600089.46	210.37
WL0192_04T	5738384.073	6600089.102	220.001
WL0192_05T	5738385.486	6600092.116	221.486
WL0193_01B	5738390.18	6600118.861	213.028
WL0193_01R	5738390.13	6600118.68	210.3707
WL0193_01T	5738390.2	6600118.908	215.62
WL0194_01B	5738395.782	6600129.848	212.63
WL0194_01R	5738395.94	6600129.99	210.1785
WL0195_01B	5738364.257	6600086.378	214.327
WL0195_01R	5738364.3	6600086.52	210.7161
WL0195_02R	5738379.99	6600081.1	210.9838
WL0196_01R	5738403.77	6600168.14	210.1202
WL0196_02R	5738401.83	6600163.61	210.1472
WL0196_03R	5738390.74	6600138.68	210.2502
WL0200_01R	5738280.636	6600210.727	208.435
WL0200_02R	5738272.433	6600212.057	208.4456
WL0200_03R	5738276.182	6600234.841	208.3888
WL0210_01B	5738399.958	6600179.29	212.725
WL0210_01MZ	5738399.855	6600179.349	218.682
WL0210_01R	5738399.79	6600179.18	209.7562
WL0210_01T	5738399.879	6600179.366	224.292
WL0210_02B	5738386.614	6600181.322	212.84
WL0210_02MZ	5738386.826	6600181.337	218.788
WL0210_02R	5738386.26	6600181.25	209.4304
WL0210_02T	5738386.871	6600181.227	224.259
WL0210_03B	5738371.195	6600183.925	212.747
WL0210_03MZ	5738371.187	6600183.912	219.028
WL0210_03R	5738371.21	6600183.77	209.1336
WL0210_03T	5738371.165	6600183.882	224.302
WL0210_04B	5738392.129	6600165.366	212.556
WL0210_04R	5738392.16	6600165.27	209.7102
WL0210_05B	5738373.335	6600168.637	212.442
WL0210_05R	5738372.17	6600168.84	209.6305
WL0210_06B	5738374.199	6600164.48	212.585
WL0210_06R	5738374.13	6600164.18	209.4779
WL0210_07B	5738372.26	6600151.999	212.694
WL0210_07R	5738372.31	6600152.16	209.632
WL0210_08B	5738369.979	6600141.479	212.828
WL0210_08R	5738370.01	6600141.35	209.9334
WL0210_09B	5738377.986	6600140.728	212.744
WL0210_09R	5738377.82	6600140.83	209.903
WL0210_10B	5738399.413	6600172.243	217.391
WL0210_10MZ	5738399.472	6600172.304	220.027
WL0210_10T	5738399.334	6600172.199	225.75
WL0210_11B	5738394.103	6600160.467	216.298
WL0210_11MZ	5738394.067	6600160.397	219.816
WL0210_11T	5738394.021	6600160.531	225.445
WL0210_12B	5738388.549	6600148.002	215.828
WL0210_12MZ	5738388.638	6600148.212	219.893
WL0210_12T	5738388.61	6600148.258	225.375
WL0210_13B	5738383.053	6600135.635	215.864
WL0210_13MZ	5738383.058	6600135.607	219.798
WL0210_13T	5738383.057	6600135.646	224.763
WL0230_01B	5738370.183	6600183.4	212.886
WL0230_01M1	5738370.127	6600183.407	216.521
WL0230_01M2	5738370.184	6600183.401	220.063
WL0230_01R	5738369.69	6600181.83	209.1272
WL0230_01T	5738370.072	6600183.419	223.406
WL0230_02B	5738354.599	6600185.846	212.602
WL0230_02M1	5738354.828	6600185.811	216.314
WL0230_02M2	5738354.847	6600185.811	219.902
WL0230_02R	5738353.62	6600184.35	209.5419
WL0230_02T	5738354.838	6600185.79	224.395
WL0230_03B	5738360.444	6600162.74	212.518
WL0230_03M1	5738360.404	6600162.546	216.677
WL0230_03M2	5738360.4	6600162.523	220.023
WL0230_03R	5738360.53	6600162.88	209.7759
WL0230_03T	5738360.384	6600162.525	226.522
WL0230_04B	5738361.558	6600169.055	212.424
WL0230_04M1	5738361.589	6600169.144	216.775
WL0230_04M2	5738361.591	6600169.146	220.413
WL0230_04R	5738361.54	6600168.73	208.8912
WL0230_04T	5738361.606	6600169.177	226.267
WL0230_05B	5738352.97	6600172.925	212.608
WL0230_05M1	5738352.998	6600172.932	216.184
WL0230_05M2	5738352.966	6600172.947	221.153
WL0230_05T	5738352.866	6600172.962	226.179
WL0230_06B	5738364.876	6600161.379	213.479
WL0230_06M1	5738364.823	6600161.412	218.328
WL0230_06M2	5738364.741	6600161.418	223.118
WL0230_06T	5738364.8	6600161.401	227.088
ZA0030_02B	5739310.164	6597958.271	196.429
ZA0031_01	5739338.737	6598017.994	194.6558
ZA0031_01B	5739338.96	6598017.552	197.733
ZA0031_02	5739342.936	6598026.484	194.6632
ZA0031_02B	5739343.056	6598026.543	197.563
ZA0031_03	5739348.51	6598024.005	194.6683
ZA0031_03B	5739348.555	6598024.225	197.829
ZA0031_04	5739344.513	6598015.202	194.6423
ZA0031_04B	5739344.324	6598014.966	197.705
ZA0100_01	5739303.087	6597962.503	194.5783
ZA0100_01B	5739309.778	6597971.621	196.731
ZA0100_01T	5739309.781	6597971.73	199.133
ZA0100_02	5739302.681	6597971.437	194.5367
ZA0100_02B	5739302.457	6597971.725	196.397
ZA0100_02T	5739302.477	6597971.744	198.054
ZA0100_03	5739309.628	6597971.817	194.4845
ZA0100_03B	5739302.988	6597962.227	196.856
ZA0100_03T	5739303.007	6597962.228	198.229
ZA0100_04	5739309.959	6597962.868	194.3654
ZA0100_04B	5739310.025	6597962.593	196.647
ZA0100_04T	5739310.032	6597962.472	198.88
ZC0840_01B	5738384.693	6600335.333	212.209
ZC0840_01R	5738385.18	6600334.91	209.5213
ZC0840_01T	5738384.689	6600335.605	225.034
ZC0840_02R	5738392.27	6600333.67	209.4345
ZC0840_03R	5738402.95	6600331.02	209.369
ZC0840_04R	5738407.72	6600330.22	209.1018
ZC0840_05R	5738404.72	6600348.87	209.4558
ZC0840_06R	5738398.26	6600352.57	209.526
ZC1050_01R	5738424.705	6600293.225	209.1125
ZC1050_02R	5738434.546	6600292.313	209.2396
ZC1050_03R	5738450.542	6600289.993	209.3916
ZC1050_04R	5738440.04	6600251.71	211.1654
ZC1050_05R	5738426.661	6600257.428	209.736
ZC1070_01R	5738421.25	6600294.43	209.1185
ZC1070_02R	5738419.4	6600282.53	209.144
ZC1070_03R	5738398.95	6600285.39	209.351
ZC1070_04R	5738402.57	6600280.52	209.2902
ZC1070_05R	5738404.33	6600277.14	209.5467
ZC1070_06R	5738403.82	6600262.45	209.6688
ZC1070_07R	5738402.77	6600256.11	209.7897
ZC1070_08B	5738394.784	6600257.208	213.728
ZC1070_08MZ	5738394.784	6600257.21	220.101
ZC1070_08R	5738394.38	6600257.26	209.7976
ZC1070_08T	5738394.745	6600257.215	227.1
ZC1070_09R	5738412.49	6600257.57	209.716
ZC1070_10R	5738416.85	6600274.76	209.6478
ZC1070_11R	5738400.92	6600297.34	209.1594
ZC1090_01B	5738400.312	6600297.669	213.63
ZC1090_01MZ	5738399.993	6600297.548	216.344
ZC1090_01R	5738400.093	6600297.473	209.0469
ZC1090_01T	5738399.935	6600297.59	224.081
ZC1090_02B	5738385.435	6600299.289	213.744
ZC1090_02MZ	5738386.524	6600299.556	216.181
ZC1090_02R	5738385.44	6600299.49	209.0234
ZC1090_02T	5738386.487	6600299.595	223.873
ZC1090_03B	5738382.645	6600281.512	213.706
ZC1090_03MZ	5738382.626	6600281.546	219.472
ZC1090_03R	5738382.56	6600281.33	209.5723
ZC1090_03T	5738382.588	6600281.54	226.1
ZC1090_04B	5738386.812	6600280.331	213.484
ZC1090_04MZ	5738386.851	6600280.352	219.435
ZC1090_04R	5738386.62	6600280.42	209.6154
ZC1090_04T	5738386.842	6600280.31	226.057
ZC1090_05B	5738389.782	6600274.438	213.857
ZC1090_05MZ	5738389.84	6600274.456	219.155
ZC1090_05R	5738389.65	6600274.13	209.4223
ZC1090_05T	5738389.803	6600274.418	226.23
ZC1090_06B	5738387.115	6600258.807	213.766
ZC1090_06MZ	5738387.123	6600258.853	219.148
ZC1090_06R	5738387.24	6600258.91	209.4388
ZC1090_06T	5738387.104	6600258.786	226.145
ZE0010_01B	5738853.642	6599618.831	211.064
ZE0010_01M1	5738853.637	6599618.841	214.617
ZE0010_01R	5738853.61	6599618.69	206.0271
ZE0010_01T	5738853.636	6599618.84	217.306
ZE0010_02B	5738863.508	6599635.142	209.993
ZE0010_02M1	5738863.546	6599635.222	214.117
ZE0010_02R	5738863.58	6599635.16	205.6264
ZE0010_02T	5738863.554	6599635.266	217.257
ZE0010_03B	5738872.548	6599656.493	210.99
ZE0010_03M1	5738872.49	6599656.545	215.894
ZE0010_03R	5738873.14	6599656.35	205.403
ZE0010_03T	5738872.618	6599656.663	218.429
ZE0010_04B	5738862.738	6599661.374	211.083
ZE0010_04M1	5738862.74	6599661.369	214.388
ZE0010_04R	5738863.14	6599661.3	205.5393
ZE0010_04T	5738862.721	6599661.409	218.354
ZE0010_05B	5738849.93	6599667.722	209.221
ZE0010_05M1	5738849.942	6599667.706	213.12
ZE0010_05R	5738850.55	6599667.55	205.616
ZE0010_05T	5738849.96	6599667.71	217.123
ZE0010_06B	5738836.687	6599674.32	209.278
ZE0010_06M1	5738836.599	6599674.365	213.131
ZE0010_06R	5738837.28	6599674.16	205.6718
ZE0010_06T	5738836.573	6599674.386	217.127
ZE0010_07B	5738826.822	6599659.045	212.701
ZE0010_07M1	5738826.81	6599659.03	216.706
ZE0010_07T	5738826.811	6599658.997	220.318
ZE0010_08B	5738816.37	6599641.253	212.923
ZE0010_08M1	5738816.393	6599641.275	216.676
ZE0010_08T	5738816.427	6599641.289	220.097
ZE0010_10B	5738841.689	6599630.135	210.109
ZE0010_10MZ	5738841.746	6599630.126	213.539
ZE0010_10R	5738841.76	6599630.05	205.8473
ZE0010_10T	5738841.706	6599630.166	217.142
ZE0010_11B	5738852.132	6599645.643	209.831
ZE0010_11MZ	5738852.157	6599645.613	213.943
ZE0010_11R	5738852.5	6599646.2	205.8352
ZE0010_11T	5738852.158	6599645.624	217.058
ZE0010_12B	5738843.733	6599651.687	210.214
ZE0010_12MZ	5738843.717	6599651.662	214.566
ZE0010_12R	5738843.7	6599651.81	206.044
ZE0010_12T	5738843.708	6599651.662	219.052
ZE0010_13B	5738832.472	6599658.273	210.082
ZE0010_13MZ	5738832.482	6599658.297	213.713
ZE0010_13R	5738832.58	6599658.18	205.822
ZE0010_13T	5738832.457	6599658.283	217.413
ZE0010_14B	5738824.257	6599641.495	210.042
ZE0010_14MZ	5738824.233	6599641.506	213.503
ZE0010_14R	5738824.39	6599641.53	206.2092
ZE0010_14T	5738824.256	6599641.506	217.162
ZE0011_01B	5738820.119	6599682.569	210.252
ZE0011_01R	5738820.55	6599682.27	205.765
ZE0011_02B	5738816.283	6599675.637	209.217
ZE0011_02R	5738816.84	6599675.34	206.048
ZE0011_03B	5738823.628	6599671.975	209.318
ZE0011_03R	5738822.75	6599672.4	206.1975
ZE0011_04B	5738817.932	6599656.482	209.167
ZE0011_04R	5738818.26	6599656.71	206.4055
ZE0012_01B	5738797.313	6599693.637	210.569
ZE0012_01MZ	5738797.373	6599693.615	213.3
ZE0012_01R	5738793.79	6599695.12	205.9974
ZE0012_01T	5738797.382	6599693.611	216.698
ZE0012_02B	5738804.407	6599690.183	210.553
ZE0012_02MZ	5738804.467	6599690.159	213.306
ZE0012_02R	5738804.75	6599689.9	206.2212
ZE0012_02T	5738804.434	6599690.177	216.625
ZE0012_03B	5738814.672	6599685.19	210.54
ZE0012_03MZ	5738814.626	6599684.975	213.233
ZE0012_03R	5738814.66	6599685.23	206.0402
ZE0012_03T	5738814.609	6599684.983	216.643
ZE0012_04B	5738807.715	6599672.015	210.88
ZE0012_04MZ	5738807.806	6599671.969	215.426
ZE0012_04R	5738807.67	6599672.15	206.4782
ZE0012_04T	5738807.776	6599671.974	218.877
ZE0012_05B	5738799.081	6599676.214	210.8
ZE0012_05MZ	5738799.057	6599676.237	215.097
ZE0012_05R	5738799.14	6599676.16	206.4194
ZE0012_05T	5738799.059	6599676.237	218.923
ZE0012_06B	5738787.777	6599681.73	210.864
ZE0012_06MZ	5738787.629	6599681.813	215.625
ZE0012_06R	5738787.81	6599681.62	206.4917
ZE0012_06T	5738787.657	6599681.812	219.048
ZE0030_01B	5738774.609	6599704.723	209.521
ZE0030_01MZ	5738774.607	6599704.719	213.591
ZE0030_01R	5738774.85	6599704.47	206.3322
ZE0030_01T	5738774.596	6599704.721	217.227
ZE0030_02B	5738779.801	6599686.517	210.097
ZE0030_02MZ	5738779.762	6599686.544	215.092
ZE0030_02R	5738780.28	6599686.36	206.3518
ZE0030_02T	5738779.935	6599686.487	219.696
ZE0030_03B	5738773.203	6599672.479	210.229
ZE0030_03MZ	5738773.19	6599672.452	215.643
ZE0030_03R	5738773.35	6599672.65	206.4427
ZE0030_03T	5738773.155	6599672.421	219.958
ZE0030_04B	5738780.304	6599667.492	211.105
ZE0030_04R	5738779.99	6599667.22	206.9433
ZE0030_05B	5738773.141	6599689.787	210.063
ZE0030_05MZ	5738773.144	6599689.787	215.269
ZE0030_05T	5738773.153	6599689.798	219.578
ZE0040_01B	5738822.469	6599701.693	209.615
ZE0040_01M1	5738822.453	6599701.705	212.835
ZE0040_01M2	5738822.45	6599701.71	216.506
ZE0040_01R	5738822.39	6599701.72	206.1118
ZE0040_01T	5738822.858	6599701.521	219.616
ZE0040_02B	5738842.541	6599691.954	209.59
ZE0040_02M1	5738842.519	6599692	212.729
ZE0040_02M2	5738842.482	6599691.968	216.19
ZE0040_02R	5738842.62	6599692	205.8387
ZE0040_02T	5738842.023	6599692.212	219.888
ZE0040_03B	5738835.365	6599711.899	210.001
ZE0040_03M1	5738835.431	6599711.821	213.162
ZE0040_03M2	5738835.452	6599711.784	216.97
ZE0040_03R	5738835.09	6599711.97	205.8266
ZE0040_03T	5738835.49	6599711.775	220.382
ZE0040_04B	5738850.727	6599705.037	210.196
ZE0040_04M1	5738850.782	6599705.118	213.483
ZE0040_04M2	5738850.817	6599705.16	217.001
ZE0040_04R	5738850.55	6599705.61	206.0422
ZE0040_04T	5738850.804	6599705.103	220.417
ZE0040_05T	5738828.963	6599715.744	220.238
ZE0050_01B	5738767.569	6599708.417	210.719
ZE0050_01M1	5738767.754	6599708.342	213.922
ZE0050_01M2	5738767.739	6599708.36	217.66
ZE0050_01R	5738767.1	6599708.54	206.4827
ZE0050_01T	5738767.728	6599708.372	221.263
ZE0050_02B	5738761.134	6599695.479	210.374
ZE0050_02M1	5738761.13	6599695.489	214.275
ZE0050_02M2	5738761.214	6599695.477	218.372
ZE0050_02R	5738760.86	6599695.71	206.8172
ZE0050_02T	5738761.181	6599695.497	221.65
ZE0051_01B	5738761.006	6599693.873	209.463
ZE0051_01R	5738760.89	6599694.01	206.4912
ZE0051_01M	5738761.003	6599693.857	211.472
ZE0051_02B	5738767.089	6599690.959	209.698
ZE0051_02R	5738767.25	6599690.93	206.698
ZE0051_02M	5738767.027	6599690.992	211.499
ZE0051_03B	5738768.827	6599707.568	209.56
ZE0051_03M1	5738768.869	6599707.556	211.988
ZE0051_03R	5738768.28	6599707.61	206.5106
ZE0051_03T	5738768.892	6599707.544	214.932
ZE0060_01B	5738813.392	6599706.024	209.715
ZE0060_01MZ	5738813.294	6599706.044	213.064
ZE0060_01R	5738813.15	6599706.2	206.0496
ZE0060_01T	5738813.261	6599706.002	215.993
ZE0060_02B	5738816.822	6599720.044	209.959
ZE0060_02MZ	5738816.674	6599720.098	213.212
ZE0060_02R	5738816.48	6599720.12	205.9771
ZE0060_02T	5738816.628	6599720.078	216.888
ZE0060_03B	5738827.538	6599716.684	209.879
ZE0060_03MZ	5738827.476	6599716.706	213.508
ZE0060_03T	5738827.502	6599716.661	216.989
ZE0061_01B	5738816.37	6599727.432	209.281
ZE0061_01R	5738816.4	6599727.56	206.081
ZE0061_02B	5738823.445	6599742.302	209.333
ZE0061_02R	5738823.38	6599742.25	206.199
ZE0062_01B	5738829.657	6599739.737	208.827
ZE0062_01R	5738829.5	6599740	206.258
ZE0062_02B	5738822.625	6599755.851	209.975
ZE0062_03B	5738818.115	6599746.19	210.098
ZE0070_01B	5738729.083	6599707.32	210.868
ZE0070_01M1	5738729.085	6599707.327	213.797
ZE0070_01M2	5738729.074	6599707.352	217.374
ZE0070_01R	5738759.74	6599711.93	206.6723
ZE0070_01T	5738729.059	6599707.37	220.584
ZE0070_02B	5738733.786	6599724.421	210.749
ZE0070_02M1	5738733.79	6599724.434	213.937
ZE0070_02M2	5738733.764	6599724.38	217.419
ZE0070_02R	5738748.88	6599717.17	206.733
ZE0070_02T	5738733.7	6599724.371	220.662
ZE0070_03B	5738748.847	6599717.31	210.896
ZE0070_03M1	5738748.932	6599717.265	213.742
ZE0070_03M2	5738748.937	6599717.292	217.356
ZE0070_03R	5738733.75	6599724.36	206.9928
ZE0070_03T	5738748.985	6599717.229	220.709
ZE0070_04B	5738759.938	6599712.005	210.863
ZE0070_04M1	5738759.834	6599712.06	213.737
ZE0070_04M2	5738759.829	6599712.08	217.295
ZE0070_04R	5738729.19	6599707.08	207.4264
ZE0070_04T	5738759.732	6599712.136	220.707
ZE0070_05B	5738753.317	6599699.206	210.645
ZE0070_05M1	5738753.438	6599699.152	214.663
ZE0070_05M2	5738753.447	6599699.133	218.071
ZE0070_05R	5738740.43	6599705.24	206.8057
ZE0070_05T	5738753.462	6599699.13	220.891
ZE0070_06B	5738740.844	6599705.121	210.63
ZE0070_06M1	5738740.847	6599705.118	214.525
ZE0070_06M2	5738740.899	6599705.109	218.01
ZE0070_06R	5738753.21	6599699.42	206.8107
ZE0070_06T	5738740.966	6599705.101	220.901
ZE0080_01B	5738801.074	6599712.207	209.532
ZE0080_01MZ	5738801.12	6599712.193	213.008
ZE0080_01R	5738801.44	6599712.17	206.3818
ZE0080_01T	5738801.114	6599712.197	216.119
ZE0080_02B	5738782.612	6599721.294	209.577
ZE0080_02MZ	5738782.626	6599721.294	212.94
ZE0080_02R	5738782.48	6599721.47	206.3571
ZE0080_02T	5738782.653	6599721.247	216.118
ZE0080_03B	5738789.453	6599734.337	209.777
ZE0080_03R	5738788.9	6599734.65	206.2285
ZE0080_04B	5738807.477	6599725.49	209.704
ZE0080_04R	5738807.77	6599725.27	206.3673
ZE0081_01B	5738804.641	6599731.924	209.852
ZE0081_01MZ	5738804.683	6599732.027	213.06
ZE0081_01R	5738803.34	6599729.22	206.2985
ZE0081_01T	5738804.737	6599732.079	215.724
ZE0081_02B	5738811.981	6599747.367	209.819
ZE0081_02MZ	5738811.938	6599747.271	212.956
ZE0081_02R	5738812.06	6599747.46	206.5798
ZE0081_02T	5738811.934	6599747.229	215.597
ZE0082_01B	5738794.565	6599736.839	209.699
ZE0082_01R	5738794.67	6599736.87	206.2682
ZE0082_02R	5738803.25	6599754.78	206.2609
ZE0101_01B	5738787.178	6599743.803	209.469
ZE0101_01R	5738787.27	6599743.93	206.6471
ZE0101_02B	5738792.237	6599754.252	209.2
ZE0101_02R	5738792.32	6599754.38	206.6096
ZE0140_01B	5738673.649	6599764.448	212.786
ZE0140_01M1	5738673.655	6599764.431	216.653
ZE0140_01M2	5738673.631	6599764.398	220.231
ZE0140_01R	5738673.82	6599764.26	209.0309
ZE0140_01T	5738673.684	6599764.429	223.474
ZE0140_02B	5738664.042	6599764.541	212.834
ZE0140_02M1	5738663.917	6599764.556	216.369
ZE0140_02M2	5738663.844	6599764.516	220.135
ZE0140_02R	5738663.24	6599764.97	208.9737
ZE0140_02T	5738663.773	6599764.474	223.385
ZE0140_03B	5738651.095	6599765.56	212.965
ZE0140_03M1	5738651.105	6599765.574	216.568
ZE0140_03M2	5738651.142	6599765.579	220.374
ZE0140_03R	5738651.04	6599765.44	208.8701
ZE0140_03T	5738651.138	6599765.575	223.478
ZER_010B_01B	5738776.41	6599765.21	211.053
ZER_010B_01R	5738776.02	6599764.06	206.8827
ZER_010B_01T	5738776.434	6599765.188	220.69
ZER_010B_02B	5738798.947	6599756.676	211.094
ZER_010B_02R	5738798.94	6599757	206.8076
ZER_010B_02T	5738798.951	6599756.602	220.615
ZER_010B_03B	5738778.637	6599772.946	211.159
ZER_010B_03R	5738780.72	6599778	207.303
ZER_010B_03T	5738778.712	6599773.019	220.612
ZI0010_01	5739274.833	6597969.025	194.5574
ZI0010_02	5739274.086	6597984.848	195.0095
ZI0010_03	5739267.294	6597984.101	194.9775
ZI0010_04	5739267.22	6597968.577	194.5843
ZI0020_01	5739236.16	6597971.365	195.0961
ZI0020_01B	5739236.052	6597971.353	197.445
ZI0020_01T	5739236.203	6597968.368	200.891
ZI0020_02	5739241.988	6597971.713	195.1384
ZI0020_02B	5739242.107	6597971.517	197.427
ZI0020_02T	5739242.255	6597968.529	200.915
ZI0020_03	5739235.899	6597968.579	194.9773
ZI0020_03B	5739235.799	6597968.469	197.614
ZI0020_04	5739242.768	6597969.65	194.946
ZI0020_04B	5739242.426	6597969.536	198.163
ZI0020_04T	5739242.255	6597968.531	200.915
ZI0020_05	5739248.777	6597969.431	195.0871
ZI0020_05B	5739248.78	6597969.435	197.324
ZI0020_05T	5739242.627	6597967.911	200.661
ZI0020_06	5739248.918	6597964.08	195.0774
ZI0020_06B	5739248.989	6597963.706	197.392
ZI0020_06T	5739242.767	6597963.202	200.597
ZI0020_07	5739242.238	6597960.427	195.154
ZI0020_07B	5739230.761	6597959.811	198.013
ZI0020_07T	5739230.772	6597959.811	201.203
ZI0020_08B	5739242.723	6597960.544	197.374
ZI0020_09	5739231.246	6597963.709	195.1619
ZI0020_09B	5739230.682	6597963.658	197.984
ZI0020_09T	5739230.521	6597963.663	200.669
ZI0020_10	5739236.067	6597963.212	195.1308
ZI0020_10B	5739235.07	6597963.306	198.011
ZI0020_10T	5739235.384	6597963.254	200.42
ZI0021_01	5739227.096	6597966.043	195.3605
ZI0021_01B	5739227.097	6597966.262	196.857
ZI0021_02	5739230.393	6597966.301	195.0626
ZI0021_02B	5739230.647	6597966.333	196.996
ZI0021_03B	5739227.437	6597960.294	197.881
ZI0030_01	5739303.279	6597958.339	195.3938
ZI0030_01B	5739303.087	6597958.02	196.565
ZI0030_02	5739310.088	6597958.546	194.3848
ZI0030_02B	5739310.165	6597958.274	196.425
ZI0031_01	5739272.629	6597955.652	194.7916
ZI0031_01B	5739273.502	6597956.885	197.105
ZI0031_01T	5739273.491	6597956.887	200.192
ZI0031_02	5739272.929	6597942.518	194.8504
ZI0031_02B	5739273.844	6597943.294	197.249
ZI0031_02T	5739273.848	6597943.291	200.312
ZI0031_03	5739283.686	6597941.754	194.9141
ZI0031_03B	5739285.862	6597943.248	198.009
ZI0031_03T	5739285.882	6597943.254	200.462
ZI0031_04	5739283.565	6597957.134	194.9309
ZI0031_04B	5739285.458	6597957.548	197.768
ZI0031_04T	5739285.416	6597957.553	200.257
ZI0040_01	5739250.082	6597959.341	194.7656
ZI0040_01B	5739250.226	6597959.531	196.898
ZI0040_01T	5739250.231	6597959.555	198.54
ZI0040_02	5739250.547	6597942.631	194.7067
ZI0040_02B	5739250.589	6597942.183	197.148
ZI0040_02T	5739250.602	6597942.208	198.368
ZI0040_03	5739245.605	6597942.001	194.688
ZI0040_03B	5739245.413	6597941.85	197.252
ZI0040_03T	5739245.421	6597941.883	199.082
ZI0040_04	5739242.157	6597953.793	194.6132
ZI0040_04B	5739242.246	6597953.418	196.905
ZI0040_04T	5739242.397	6597953.333	198.802
ZI0040_05	5739245.117	6597959.611	194.9264
ZI0040_05B	5739244.935	6597959.601	196.677
ZI0040_05T	5739244.951	6597959.657	199.131
ZI0040_06	5739250.042	6597957.416	194.4481
ZI0040_07	5739250.34	6597953.022	194.408
ZI0040_08	5739250.34	6597948.851	194.3969
ZI0040_09	5739243.64	6597945.946	194.4242
ZI0040_10	5739245.144	6597948.632	194.4099
ZI0040_11	5739245.069	6597953.37	194.3808
ZI0041_01	5739230.853	6597953.74	195.2153
ZI0041_01B	5739231.337	6597953.57	197.006
ZI0041_02	5739227.407	6597953.641	195.1396
ZI0041_02B	5739227.176	6597953.685	197.468
ZI0041_02T	5739227.466	6597953.468	197.192
ZI0041_03	5739226.913	6597959.264	195.2947
ZI0041_03B	5739227.226	6597959.566	197.432
ZI0050_01	5739272.575	6597939.361	194.7656
ZI0050_01B	5739272.273	6597938.213	197.483
ZI0050_01T	5739272.575	6597939.361	199.774
ZI0050_02	5739272.436	6597930.226	194.8248
ZI0050_02B	5739272.436	6597930.226	197.464
ZI0050_02T	5739272.447	6597930.146	200.087
ZI0050_03	5739288.105	6597930.385	194.4312
ZI0050_03B	5739288.105	6597930.385	197.234
ZI0050_03T	5739284.32	6597930.468	200.173
ZI0050_04	5739287.983	6597939.032	194.4646
ZI0050_04B	5739287.983	6597939.032	197.229
ZI0050_04T	5739284.189	6597938.749	200.226
ZI0060_01	5739251.185	6597926.033	194.6122
ZI0060_01B	5739251.39	6597926.426	196.701
ZI0060_02	5739239.07	6597922.127	194.7614
ZI0060_02B	5739239.327	6597922.18	196.616
ZI0060_02T	5739239.25	6597922.172	197.883
ZI0060_03	5739231.318	6597924.1	194.877
ZI0060_03B	5739231.172	6597924.191	196.343
ZI0060_03T	5739231.275	6597921.833	198.091
ZI0060_04	5739251.032	6597917.09	194.6195
ZI0060_04B	5739251.136	6597916.767	196.732
ZI0060_04T	5739251.206	6597916.777	199.88
ZI0060_05	5739238.858	6597916.819	194.7573
ZI0060_05B	5739239.48	6597916.616	197.022
ZI0060_05T	5739239.55	6597916.603	199.106
ZI0060_06	5739232.752	6597916.637	194.7268
ZI0060_06B	5739232.512	6597916.354	197.118
ZI0060_06T	5739232.322	6597916.265	198.384
ZI0060_07	5739227.702	6597917.016	194.7582
ZI0060_07B	5739227.67	6597916.753	198.981
ZI0060_10T	5739251.426	6597923.59	198.866
ZI0061_01	5739232.563	6597932.909	194.6288
ZI0061_01B	5739232.407	6597933.428	196.018
ZI0061_02	5739239.152	6597933.284	194.53
ZI0061_02B	5739239.297	6597933.591	195.697
ZI0061_03	5739238.865	6597938.389	194.7908
ZI0061_03B	5739238.838	6597938.4	196.155
ZI0061_04	5739232.392	6597938.071	195.8503
ZI0061_04B	5739233.928	6597938.406	195.666
ZI0062_01	5739230.488	6597925.413	194.8739
ZI0062_01B	5739230.524	6597927.02	196.251
ZI0062_02B	5739230.218	6597933.93	195.997
ZI0062_03	5739227.549	6597925.294	194.8767
ZI0062_03B	5739227.464	6597925.002	196.373
ZI0062_04	5739227.394	6597933.55	194.7425
ZI0062_04B	5739227.043	6597934.035	196.493
ZI0063_01	5739251.34	6597914.893	194.4867
ZI0063_01B	5739251.451	6597915.11	195.924
ZI0063_02	5739251.41	6597912.622	194.4912
ZI0063_02B	5739251.506	6597912.163	195.819
ZI0063_03	5739245.696	6597912.1	194.7327
ZI0063_03B	5739245.234	6597912.238	196.275
ZI0064_01	5739228.524	6597911.559	194.6897
ZI0064_02	5739232.411	6597912.262	194.7187
ZI0064_02B	5739232.582	6597911.609	197.711
ZI0064_03	5739232.15	6597916.142	194.9901
ZI0064_03B	5739228.604	6597911.473	197.804
ZL0030_01R	5738375.46	6600426.1	209.6178
ZL0030_02R	5738372.1	6600406.49	209.6257
ZL0030_03R	5738387.98	6600409.75	209.5695
ZL0030_04R	5738401.18	6600412.08	209.5406
ZL0050_01R	5738364.95	6600363.12	208.99
ZL0050_02MZ	5738366.912	6600375.532	216.197
ZL0050_02R	5738366.87	6600374.86	209.1062
ZL0050_02T	5738366.952	6600375.504	220.442
ZL0050_03R	5738368.42	6600384.08	209.1499
ZL0050_04R	5738390.8	6600375.2	209.3004
ZL0050_05R	5738384.59	6600376.31	209.1729
ZL0050_06R	5738380.21	6600366.24	208.923
ZL0050_07R	5738385.78	6600367.19	208.9188
ZL0050_08R	5738392.36	6600367.86	209.2747
ZL0050_09R	5738390.91	6600357.86	209.2049
ZL0051_01B	5738370.512	6600404.924	214.528
ZL0051_01MZ	5738370.48	6600404.902	219.179
ZL0051_01R	5738371.88	6600405.16	209.7841
ZL0051_01T	5738371.963	6600405.345	227.144
ZL0051_02B	5738368.665	6600385.011	214.604
ZL0051_02MZ	5738368.661	6600385.136	219.115
ZL0051_02R	5738368.6	6600385.29	209.1708
ZL0051_03R	5738385.8	6600390.12	209.5388
ZL0051_04R	5738399.69	6600395.21	209.5225
ZL0052_01R	5738401.88	6600364.7	210.1564
ZL0052_02R	5738415.8	6600389.15	210.3113
ZL0060_01B	5738356.407	6600392.856	212.265
ZL0060_01MZ	5738356.394	6600392.939	216.345
ZL0060_01R	5738356.4	6600393.11	209.3431
ZL0060_01T	5738356.437	6600392.999	223.798
ZL0060_02B	5738357.982	6600402.909	212.338
ZL0060_02MZ	5738357.932	6600402.861	216.37
ZL0060_02R	5738358.02	6600403.77	209.3708
ZL0060_02T	5738357.924	6600402.852	223.77
ZL0060_03B	5738359.861	6600414.636	212.38
ZL0060_03MZ	5738359.78	6600414.454	216.35
ZL0060_03R	5738359.65	6600414.5	209.4436
ZL0060_03T	5738359.79	6600414.439	223.797
ZL0060_04R	5738345.3	6600416.66	209.5078
ZL0060_05R	5738343.77	6600404.41	209.4969
ZL0060_06B	5738340.818	6600394.749	213.431
ZL0060_06MZ	5738340.851	6600394.716	219.282
ZL0060_06T	5738340.883	6600394.77	226.695
ZL0060_07B	5738349.599	6600393.332	213.545
ZL0060_07MZ	5738350.064	6600393.228	219.301
ZL0060_07T	5738349.81	6600393.321	226.722
ZL0090_01B	5738385.476	6600341.053	212.507
ZL0090_01MZ	5738385.488	6600341.04	218.337
ZL0090_01R	5738385.28	6600341.26	209.3144
ZL0090_01T	5738385.543	6600341.019	225.173
ZL0090_02R	5738373.65	6600343.02	209.1419
ZL0090_03B	5738361.87	6600345.188	212.139
ZL0090_03MZ	5738362.027	6600344.937	218.02
ZL0090_03R	5738362.53	6600344.71	209.1418
ZL0090_03T	5738361.998	6600345.045	225.28
ZL0090_04B	5738364.165	6600358.897	212.042
ZL0090_04MZ	5738364.186	6600358.557	217.892
ZL0090_04R	5738364.25	6600358.95	208.8187
ZL0090_04T	5738364.261	6600358.929	225.227
ZL0090_05R	5738376.84	6600349.23	209.0855
ZL0090_06R	5738378.63	6600359.63	209.0173
ZL0130_01B	5738353.237	6600186.488	213.251
ZL0130_01M1	5738353.233	6600186.483	218.64
ZL0130_01M2	5738353.229	6600186.497	222.419
ZL0130_01R	5738352.92	6600186.5	208.8339
ZL0130_01T	5738353.295	6600186.54	226.934
ZL0130_02B	5738336.038	6600189.378	213.249
ZL0130_02M1	5738336.064	6600189.291	218.905
ZL0130_02M2	5738336.069	6600189.298	223.108
ZL0130_02R	5738336.28	6600189.32	208.4687
ZL0130_02T	5738336.123	6600189.401	227.021
ZL0130_03B	5738332.023	6600167.483	212.096
ZL0130_03R	5738332.07	6600167.69	208.4588
ZL0130_03T	5738331.973	6600167.37	226.982
ZL0130_04B	5738349.096	6600167.702	213.502
ZL0130_04M1	5738349.175	6600168.097	218.443
ZL0130_04M2	5738349.184	6600168.144	222.78
ZL0130_04R	5738348.86	6600167.11	209.1672
ZL0130_04T	5738349.158	6600168.01	227.49
ZL0130_05R	5738351.38	6600175.45	208.9892
ZL0150_01B	5738360.836	6600145.768	212.979
ZL0150_01M1	5738360.81	6600145.769	215.879
ZL0150_01M2	5738360.838	6600145.762	219.8
ZL0150_01R	5738360.72	6600145.7	208.9032
ZL0150_01T	5738360.822	6600145.771	223.971
ZL0151_01B	5738331.858	6600166.549	212.044
ZL0151_01R	5738331.87	6600166.31	208.7581
ZL0151_01T	5738331.89	6600166.723	224.699
ZL0151_02R	5738328.35	6600145.39	208.7477
ZL0151_03B	5738346.936	6600154.556	212.494
ZL0151_03MZ	5738346.949	6600154.624	217.846
ZL0151_03R	5738346.9	6600154.66	208.6246
ZL0151_03T	5738346.937	6600154.66	223.139
ZL0151_04B	5738345.271	6600148.301	212.446
ZL0151_04MZ	5738345.28	6600148.271	217.931
ZL0151_04R	5738345.25	6600148.35	208.8032
ZL0151_04T	5738345.27	6600148.271	223.088
ZL0151_05B	5738347.491	6600161.357	213.224
ZL0151_05MZ	5738347.51	6600161.413	217.851
ZL0151_05R	5738347.88	6600163.85	209.087
ZL0151_05T	5738347.503	6600161.399	222.992
ZL0152_01R	5738360.41	6600157.14	208.8435
ZL0170_01R	5738324.21	6600121.28	208.4797
ZL0170_02B	5738353.905	6600122.936	213.088
ZL0170_02MZ	5738353.876	6600122.965	216.835
ZL0170_02R	5738353.97	6600122.89	209.0178
ZL0170_02T	5738353.893	6600123.001	221.776
ZL0170_03B	5738355.896	6600133.045	213.008
ZL0170_03MZ	5738355.891	6600133.053	218.418
ZL0170_03R	5738355.87	6600132.99	209.0577
ZL0170_03T	5738355.927	6600133.062	224.805
ZL0170_04B	5738371.238	6600130.492	213.182
ZL0170_04MZ	5738371.171	6600130.505	218.694
ZL0170_04R	5738371.89	6600130.11	209.2574
ZL0170_04T	5738371.256	6600130.512	224.75
ZL0170_05B	5738370.711	6600120.463	212.463
ZL0170_05MZ	5738370.675	6600120.218	217
ZL0170_05R	5738370.78	6600120.39	209.2704
ZL0170_05T	5738370.677	6600120.178	222.065
ZL0170_06B	5738378.591	6600125.735	215.822
ZL0170_06MZ	5738378.666	6600125.842	219.442
ZL0170_06T	5738378.705	6600125.863	224.081
ZL0170_07B	5738368.51	6600113.439	216.869
ZL0170_07MZ	5738368.505	6600113.427	219.563
ZL0170_07T	5738368.532	6600113.465	223.541
GD0402_03R	5738469.5	6600049.66	210.6421
GD0402_04R	5738458.2	6600051.23	210.6828
GD0451_05R	5738469.25	6599947.28	210.8063
L23_305		5738730.213	6599728.754	206.6862
L23_306		5738736.279	6599739.4	206.6103
L23_307		5738732.866	6599742.38	206.6694
L23_308		5738730.223	6599755.552	206.7887
L23_309		5738732.882	6599771.728	206.8343
L23_310		5738711.091	6599731.685	206.9447
L23_311		5738717.994	6599728.75	206.8317
L23_312		5738720.112	6599743.54	206.7662
L23_313		5738723.052	6599753.558	206.7909
L23_314		5738724.156	6599760.27	206.8045
L23_315		5738725.257	6599767.042	206.8334
L23_316		5738727.001	6599777.619	206.8935
L23_317		5738728.964	6599789.591	206.9203
L23_318		5738711.908	6599742.281	206.9581
PR0450_06M2	5738739.304	6599768.715	217.377
ZE0051_01T	5738761.061	6599693.827	213.952
ZE0051_02T	5738767.031	6599690.992	213.883